game_id,season,week,home_team,away_team,home_conference,away_conference,home_points,away_points,provider,spread,total
401756846,2025,1,Kansas State,Iowa State,Big 12,Big 12,21,24,ESPN Bet,-2.5,51.5
401767476,2025,1,Nicholls,Incarnate Word,Southland,Southland,20,6,Bovada,13.5,51.5
401760371,2025,1,UNLV,Idaho State,Mountain West,Big Sky,38,31,Bovada,-30.5,67.0
401767126,2025,1,Portland State,Tarleton State,Big Sky,UAC,0,42,Bovada,17.5,60.5
401756847,2025,1,Kansas,Fresno State,Big 12,Mountain West,31,7,DraftKings,-14.0,51.5
401757218,2025,1,Western Kentucky,Sam Houston,Conference USA,Conference USA,41,24,DraftKings,-9.5,60.5
401754516,2025,1,Hawai'i,Stanford,Mountain West,ACC,23,20,DraftKings,-1.5,53.5
401767410,2025,1,Southern,North Carolina Central,SWAC,MEAC,14,31,ESPN Bet,10.5,47.5
401762522,2025,1,South Florida,Boise State,American Athletic,Mountain West,34,7,DraftKings,8.5,63.5
401762790,2025,1,Bowling Green,Lafayette,Mid-American,Patriot,26,7,Bovada,-21.0,53.0
401767549,2025,1,Youngstown State,Mercyhurst,MVFC,NEC,24,15,ESPN Bet,-24.0,59.5
401752794,2025,1,Rutgers,Ohio,Big Ten,Mid-American,34,31,DraftKings,-11.5,46.5
401767171,2025,1,Eastern Illinois,Dayton,Big South-OVC,Pioneer,24,14,ESPN Bet,-9.5,47.5
401754373,2025,1,NC State,East Carolina,ACC,American Athletic,24,17,DraftKings,-12.5,58.5
401762789,2025,1,Akron,Wyoming,Mid-American,Mountain West,0,10,DraftKings,8.5,49.5
401756848,2025,1,UCF,Jacksonville State,Big 12,Conference USA,17,10,DraftKings,-16.5,53.5
401761588,2025,1,UL Monroe,St. Francis (PA),Sun Belt,NEC,29,0,Bovada,-31.0,47.0
401767327,2025,1,Norfolk State,Towson,MEAC,CAA,7,27,ESPN Bet,8.5,49.5
401767209,2025,1,St. Thomas (MN),Lindenwood,Pioneer,Big South-OVC,35,13,ESPN Bet,6.5,51.5
401757219,2025,1,Delaware,Delaware State,Conference USA,MEAC,35,17,Bovada,-30.5,55.5
401756876,2025,1,Oklahoma State,UT Martin,Big 12,Big South-OVC,27,7,Bovada,-26.0,56.5
401752674,2025,1,Missouri,Central Arkansas,SEC,UAC,61,6,Bovada,-38.5,52.5
401754517,2025,1,Duke,Elon,ACC,CAA,45,17,Bovada,-36.5,51.5
401767298,2025,1,Samford,West Georgia,Southern,UAC,3,34,ESPN Bet,-6.5,55.5
401756852,2025,1,Houston,Stephen F. Austin,Big 12,Southland,27,0,Bovada,-24.5,54.5
401752793,2025,1,Minnesota,Buffalo,Big Ten,Mid-American,23,10,DraftKings,-16.5,45.5
401767369,2025,1,Northwestern State,Alcorn State,Southland,SWAC,20,10,ESPN Bet,10.5,49.5
401762430,2025,1,UAB,Alabama State,American Athletic,SWAC,52,42,Bovada,-21.0,53.5
401762791,2025,1,Wisconsin,Miami (OH),Big Ten,Mid-American,17,0,DraftKings,-17.5,40.5
401752796,2025,1,Cincinnati,Nebraska,Big 12,Big Ten,17,20,DraftKings,6.5,52.5
401760357,2025,1,San Diego State,Stony Brook,Mountain West,CAA,42,0,Bovada,-19.5,53.5
401767140,2025,1,Rhode Island,Campbell,CAA,CAA,31,20,ESPN Bet,-11.5,56.5
401762432,2025,1,Army,Tarleton State,American Athletic,UAC,27,30,ESPN Bet,-14.5,47.5
401767256,2025,1,Colgate,Monmouth,Patriot,CAA,39,42,ESPN Bet,14.5,65.5
401779329,2025,1,Marist,New Haven,Pioneer,NEC,31,14,ESPN Bet,3.5,48.5
401754374,2025,1,Wake Forest,Kennesaw State,ACC,Conference USA,10,9,DraftKings,-17.5,51.5
401752802,2025,1,Michigan State,Western Michigan,Big Ten,Mid-American,23,6,DraftKings,-18.5,49.5
401766898,2025,1,Florida International,Bethune-Cookman,Conference USA,SWAC,42,9,ESPN Bet,-26.5,54.5
401761589,2025,1,Charlotte,App State,American Athletic,Sun Belt,11,34,DraftKings,8.5,53.5
401752795,2025,1,Illinois,Western Illinois,Big Ten,Big South-OVC,52,3,Bovada,-48.5,62.5
401756854,2025,1,Kansas,Wagner,Big 12,NEC,46,7,ESPN Bet,-45.5,57.5
401752667,2025,1,Baylor,Auburn,Big 12,SEC,24,38,DraftKings,1.5,57.5
401754375,2025,1,Colorado,Georgia Tech,Big 12,ACC,20,27,DraftKings,4.0,55.5
401757224,2025,1,Sam Houston,UNLV,Conference USA,Mountain West,21,38,DraftKings,13.5,58.5
401760358,2025,1,San José State,Central Michigan,Mountain West,Mid-American,14,16,DraftKings,-11.5,50.5
401752797,2025,1,Maryland,Florida Atlantic,Big Ten,American Athletic,39,7,DraftKings,-16.5,57.5
401762792,2025,1,Kent State,Merrimack,Mid-American,FCS Independents,21,17,Bovada,-5.5,50.5
401754520,2025,1,Pittsburgh,Duquesne,ACC,NEC,61,9,ESPN Bet,-39.5,58.5
401752673,2025,1,Southern Miss,Mississippi State,Sun Belt,SEC,17,34,DraftKings,11.5,59.5
401752677,2025,1,Ohio State,Texas,Big Ten,SEC,14,7,ESPN Bet,-1.5,46.5
401752676,2025,1,Tennessee,Syracuse,SEC,ACC,45,26,DraftKings,-13.5,53.5
401762434,2025,1,Navy,VMI,American Athletic,Southern,52,7,ESPN Bet,-42.5,54.5
401752803,2025,1,Tulane,Northwestern,American Athletic,Big Ten,23,3,DraftKings,-6.5,47.5
401752801,2025,1,Purdue,Ball State,Big Ten,Mid-American,31,0,DraftKings,-16.5,50.5
401752670,2025,1,Kentucky,Toledo,SEC,Mid-American,24,16,DraftKings,-10.0,48.5
401767602,2025,1,Davidson,Georgetown,Pioneer,Patriot,14,51,ESPN Bet,3.5,55.5
401767657,2025,1,Sacred Heart,Stonehill,FCS Independents,NEC,12,7,ESPN Bet,-6.5,45.5
401767536,2025,1,Northern Iowa,Butler,MVFC,Pioneer,38,14,ESPN Bet,-16.5,53.5
401756878,2025,1,West Virginia,Robert Morris,Big 12,NEC,45,3,Bovada,-40.0,56.5
401754518,2025,1,Boston College,Fordham,ACC,Patriot,66,10,Bovada,-35.0,53.5
401767339,2025,1,Furman,William & Mary,Southern,CAA,23,21,ESPN Bet,-2.5,49.5
401757167,2025,1,UConn,Central Connecticut,FBS Independents,NEC,59,13,ESPN Bet,-29.5,51.5
401752806,2025,1,Indiana,Old Dominion,Big Ten,Sun Belt,27,14,DraftKings,-23.5,54.5
401754519,2025,1,Louisville,Eastern Kentucky,ACC,UAC,51,17,ESPN Bet,-37.5,57.5
401767179,2025,1,Jackson State,Hampton,SWAC,CAA,28,14,ESPN Bet,-18.5,58.5
401756853,2025,1,Iowa State,South Dakota,Big 12,MVFC,55,7,Bovada,-16.5,47.5
401752669,2025,1,Georgia,Marshall,SEC,Sun Belt,45,7,DraftKings,-39.5,55.5
401762793,2025,1,Northern Illinois,Holy Cross,Mid-American,Patriot,19,17,Bovada,-13.5,48.5
401752807,2025,1,Penn State,Nevada,Big Ten,Mountain West,46,11,DraftKings,-45.5,58.5
401762456,2025,1,Massachusetts,Temple,Mid-American,American Athletic,10,42,DraftKings,3.0,51.5
401760359,2025,1,Air Force,Bucknell,Mountain West,Patriot,49,13,Bovada,-31.0,54.5
401752665,2025,1,Florida State,Alabama,ACC,SEC,31,17,DraftKings,13.5,50.5
401767350,2025,1,Florida A&M,Howard,SWAC,MEAC,9,10,ESPN Bet,-7.5,48.5
401757220,2025,1,Liberty,Maine,Conference USA,CAA,28,7,Bovada,-25.5,51.0
401752804,2025,1,Oregon,Montana State,Big Ten,Big Sky,59,13,Bovada,-28.0,56.5
401752666,2025,1,Arkansas,Alabama A&M,SEC,SWAC,52,7,ESPN Bet,-45.5,62.5
401762433,2025,1,Memphis,Chattanooga,American Athletic,Southern,45,10,Bovada,-30.5,55.5
401767223,2025,1,Tennessee State,North Carolina A&T,Big South-OVC,CAA,24,21,ESPN Bet,-6.5,50.5
401767425,2025,1,Mississippi Valley State,Southern,SWAC,SWAC,29,34,ESPN Bet,12.5,49.5
401767454,2025,1,East Tennessee State,Murray State,Southern,MVFC,45,17,ESPN Bet,-31.0,54.5
401767415,2025,1,South Carolina State,Wofford,MEAC,Southern,16,15,ESPN Bet,-9.5,49.5
401767572,2025,1,Mercer,Presbyterian,Southern,Pioneer,10,15,ESPN Bet,-22.5,51.5
401752675,2025,1,Oklahoma,Illinois State,SEC,MVFC,35,3,Bovada,-39.5,61.0
401767265,2025,1,North Carolina Central,New Hampshire,MEAC,CAA,10,27,ESPN Bet,-4.5,50.5
401761590,2025,1,James Madison,Weber State,Sun Belt,Big Sky,45,10,Bovada,-26.5,54.5
401752799,2025,1,Iowa,UAlbany,Big Ten,CAA,34,7,ESPN Bet,-39.5,48.5
401767201,2025,1,Western Carolina,Gardner-Webb,Southern,Big South-OVC,45,52,ESPN Bet,-6.5,57.5
401754616,2025,1,Virginia,Coastal Carolina,ACC,Sun Belt,48,7,DraftKings,-12.5,57.5
401752679,2025,1,Vanderbilt,Charleston Southern,SEC,Big South-OVC,45,3,Bovada,-37.5,49.5
401767130,2025,1,South Dakota State,Sacramento State,MVFC,Big Sky,20,3,ESPN Bet,-11.5,57.5
401756855,2025,1,Kansas State,North Dakota,Big 12,MVFC,38,35,Bovada,-27.5,55.5
401767059,2025,1,Incarnate Word,Eastern Washington,Southland,Big Sky,31,21,ESPN Bet,-10.0,57.5
401752668,2025,1,Florida,Long Island University,SEC,NEC,55,0,ESPN Bet,-46.5,56.5
401761591,2025,1,Arkansas State,Southeast Missouri State,Sun Belt,Big South-OVC,42,24,ESPN Bet,-15.5,59.5
401752678,2025,1,Texas A&M,UTSA,SEC,American Athletic,42,24,DraftKings,-21.5,56.5
401757226,2025,1,Western Kentucky,North Alabama,Conference USA,UAC,55,6,Bovada,-27.5,60.5
401757222,2025,1,Middle Tennessee,Austin Peay,Conference USA,UAC,14,34,Bovada,-14.5,53.5
401761593,2025,1,South Alabama,Morgan State,Sun Belt,MEAC,38,21,Bovada,-28.5,51.5
401761595,2025,1,Troy,Nicholls,Sun Belt,Southland,38,20,ESPN Bet,-16.5,46.5
401752671,2025,1,Clemson,LSU,ACC,SEC,10,17,DraftKings,-3.5,57.5
401752798,2025,1,USC,Missouri State,Big Ten,Conference USA,73,13,DraftKings,-34.5,59.5
401756877,2025,1,Texas Tech,Arkansas-Pine Bluff,Big 12,SWAC,67,7,ESPN Bet,,62.5
401757225,2025,1,Utah State,UTEP,Mountain West,Conference USA,28,16,DraftKings,-3.5,59.5
401752808,2025,1,Michigan,New Mexico,Big Ten,Mountain West,34,17,DraftKings,-36.5,52.5
401757221,2025,1,Louisiana Tech,SE Louisiana,Conference USA,Southland,24,0,ESPN Bet,-14.5,50.5
401752672,2025,1,Ole Miss,Georgia State,SEC,Sun Belt,63,7,DraftKings,-38.5,62.5
401767070,2025,1,San Diego,Cal Poly,Pioneer,Big Sky,17,41,ESPN Bet,-1.5,49.5
401767431,2025,1,Texas Southern,Prairie View A&M,SWAC,SWAC,21,22,ESPN Bet,-1.5,47.5
401761594,2025,1,Texas State,Eastern Michigan,Sun Belt,Mid-American,52,27,DraftKings,-14.0,58.5
401756851,2025,1,BYU,Portland State,Big 12,Big Sky,69,0,Bovada,-43.5,61.5
401762435,2025,1,North Texas,Lamar,American Athletic,Southland,51,0,Bovada,-27.5,63.5
401761592,2025,1,Louisiana,Rice,Sun Belt,American Athletic,12,14,DraftKings,-14.5,49.5
401762457,2025,1,Tulsa,Abilene Christian,American Athletic,UAC,35,7,Bovada,-5.0,59.5
401767080,2025,1,Southern Utah,Idaho State,UAC,Big Sky,46,24,Bovada,-4.5,63.5
401754521,2025,1,SMU,East Texas A&M,ACC,Southland,42,13,Bovada,-51.0,65.0
401757223,2025,1,New Mexico State,Bryant,Conference USA,CAA,19,3,ESPN Bet,-19.5,52.5
401760361,2025,1,Fresno State,Georgia Southern,Mountain West,Sun Belt,42,14,DraftKings,-2.5,54.5
401767156,2025,1,Utah Tech,UC Davis,UAC,Big Sky,24,31,ESPN Bet,18.5,56.5
401752947,2025,1,Washington State,Idaho,Pac-12,Big Sky,13,10,ESPN Bet,-16.5,50.5
401756850,2025,1,Arizona State,Northern Arizona,Big 12,Big Sky,38,19,ESPN Bet,-29.5,52.5
401752936,2025,1,Oregon State,California,Pac-12,ACC,15,34,DraftKings,-3.0,51.5
401756849,2025,1,Arizona,Hawai'i,Big 12,Mountain West,40,6,DraftKings,-13.5,55.5
401752805,2025,1,Washington,Colorado State,Big Ten,Mountain West,38,21,DraftKings,-20.5,52.5
401752800,2025,1,UCLA,Utah,Big Ten,Big 12,10,43,DraftKings,6.5,50.5
401752680,2025,1,South Carolina,Virginia Tech,SEC,ACC,24,11,DraftKings,-8.5,48.5
401754522,2025,1,Miami,Notre Dame,ACC,FBS Independents,27,24,DraftKings,2.5,53.5
401754523,2025,1,North Carolina,TCU,ACC,Big 12,14,48,DraftKings,3.0,59.5
401754528,2025,2,Louisville,James Madison,ACC,Sun Belt,28,14,Bovada,-15.0,57.0
401752826,2025,2,Maryland,Northern Illinois,Big Ten,Mid-American,20,9,Bovada,-17.0,44.5
401752817,2025,2,Northwestern,Western Illinois,Big Ten,Big South-OVC,42,7,ESPN Bet,-30.5,48.5
401760363,2025,2,Boise State,Eastern Washington,Mountain West,Big Sky,51,14,ESPN Bet,-33.5,60.5
401767658,2025,2,Lehigh,Sacred Heart,Patriot,FCS Independents,28,10,ESPN Bet,-20.0,42.5
401754525,2025,2,SMU,Baylor,ACC,Big 12,45,48,Bovada,-3.0,65.5
401754529,2025,2,Pittsburgh,Central Michigan,ACC,Mid-American,45,17,Bovada,-21.5,48.5
401754618,2025,2,Syracuse,UConn,ACC,FBS Independents,27,20,Bovada,-7.0,57.5
401752822,2025,2,Iowa State,Iowa,Big 12,Big Ten,16,13,DraftKings,-1.5,43.0
401754524,2025,2,NC State,Virginia,ACC,ACC,35,31,Bovada,-3.0,53.0
401752693,2025,2,Texas,San José State,SEC,Mountain West,38,7,Bovada,-37.0,52.5
401752812,2025,2,Indiana,Kennesaw State,Big Ten,Conference USA,56,9,Bovada,-35.5,51.5
401752825,2025,2,Duke,Illinois,ACC,Big Ten,19,45,Bovada,2.5,49.0
401754621,2025,2,Florida State,East Texas A&M,ACC,Southland,77,3,ESPN Bet,-43.5,56.5
401757227,2025,2,Jacksonville State,Liberty,Conference USA,Conference USA,34,24,Bovada,6.0,50.5
401752811,2025,2,Penn State,Florida International,Big Ten,Conference USA,34,0,Bovada,-42.0,53.5
401779511,2025,2,Mercyhurst,New Haven,NEC,NEC,48,14,ESPN Bet,-12.5,52.5
401756885,2025,2,Texas Tech,Kent State,Big 12,Mid-American,62,14,Bovada,-48.5,60.0
401752813,2025,2,Minnesota,Northwestern State,Big Ten,Southland,66,0,Bovada,-43.0,50.5
401752694,2025,2,Texas A&M,Utah State,SEC,Mountain West,44,22,Bovada,-34.5,57.5
401767231,2025,2,Tennessee Tech,Chattanooga,Big South-OVC,Southern,45,17,ESPN Bet,-5.5,48.5
401767172,2025,2,Indiana State,Eastern Illinois,MVFC,Big South-OVC,38,14,ESPN Bet,-3.5,50.5
401767719,2025,2,Georgetown,Wagner,Patriot,NEC,31,20,ESPN Bet,-16.0,48.5
401767771,2025,2,Stonehill,Lafayette,NEC,Patriot,26,42,ESPN Bet,14.0,45.5
401767332,2025,2,Delaware State,UAlbany,MEAC,CAA,37,32,ESPN Bet,12.5,50.5
401767626,2025,2,Marist,Bucknell,Pioneer,Patriot,23,34,ESPN Bet,12.0,56.5
401767550,2025,2,Youngstown State,Robert Morris,MVFC,NEC,56,17,ESPN Bet,-19.5,50.5
401762462,2025,2,Temple,Howard,American Athletic,MEAC,55,7,Bovada,-28.0,47.0
401754620,2025,2,Wake Forest,Western Carolina,ACC,Southern,42,10,Bovada,-17.5,60.5
401767565,2025,2,Furman,Presbyterian,Southern,Pioneer,38,39,ESPN Bet,-8.5,44.5
401767224,2025,2,Tennessee State,North Dakota State,Big South-OVC,MVFC,3,59,ESPN Bet,32.5,49.5
401760366,2025,2,New Mexico,Idaho State,Mountain West,Big Sky,32,22,Bovada,-17.5,60.0
401762461,2025,2,Western Michigan,North Texas,Mid-American,American Athletic,30,33,Bovada,12.0,56.0
401752692,2025,2,Tennessee,East Tennessee State,SEC,Southern,72,17,Bovada,-39.5,58.5
401752815,2025,2,Ohio State,Grambling,Big Ten,SWAC,70,0,Bovada,-55.5,62.5
401752937,2025,2,Oregon State,Fresno State,Pac-12,Mountain West,27,36,Bovada,-1.0,45.5
401762794,2025,2,Buffalo,St. Francis (PA),Mid-American,NEC,45,6,Bovada,-37.0,48.0
401754622,2025,2,Georgia Tech,Gardner-Webb,ACC,Big South-OVC,59,12,Bovada,-37.5,60.5
401756881,2025,2,Colorado,Delaware,Big 12,Conference USA,31,7,Bovada,-23.5,49.5
401761603,2025,2,UTSA,Texas State,American Athletic,Sun Belt,36,43,ESPN Bet,-4.5,64.5
401752824,2025,2,Oregon,Oklahoma State,Big Ten,Big 12,69,3,Bovada,-28.5,55.5
401762816,2025,2,Massachusetts,Bryant,Mid-American,CAA,26,27,Bovada,-14.5,52.0
401752818,2025,2,Rutgers,Miami (OH),Big Ten,Mid-American,45,17,Bovada,-15.5,45.5
401767579,2025,2,Samford,The Citadel,Southern,Southern,13,40,ESPN Bet,-2.5,45.5
401762458,2025,2,Navy,UAB,American Athletic,American Athletic,38,24,Bovada,-20.5,59.0
401754637,2025,2,Clemson,Troy,ACC,Sun Belt,27,16,Bovada,-31.0,51.5
401752686,2025,2,Kentucky,Ole Miss,SEC,SEC,23,30,Bovada,8.0,51.5
401752689,2025,2,Missouri,Kansas,SEC,Big 12,42,31,DraftKings,-7.0,51.0
401756880,2025,2,Cincinnati,Bowling Green,Big 12,Mid-American,34,20,ESPN Bet,-21.5,46.5
401761596,2025,2,App State,Lindenwood,Sun Belt,Big South-OVC,20,13,Bovada,-31.5,56.0
401752685,2025,2,Georgia,Austin Peay,SEC,UAC,28,6,Bovada,-47.0,55.5
401752820,2025,2,Wisconsin,Middle Tennessee,Big Ten,Conference USA,42,10,Bovada,-28.5,45.5
401760367,2025,2,Wyoming,Northern Iowa,Mountain West,MVFC,31,7,Bovada,-14.0,47.5
401756883,2025,2,Ohio,West Virginia,Mid-American,Big 12,17,10,ESPN Bet,3.5,58.5
401767089,2025,2,Idaho,St. Thomas (MN),Big Sky,Pioneer,37,30,ESPN Bet,-21.5,47.5
401752684,2025,2,Florida,South Florida,SEC,American Athletic,16,18,Bovada,-18.5,58.0
401761602,2025,2,Southern Miss,Jackson State,Sun Belt,SWAC,38,20,Bovada,-13.5,53.0
401752682,2025,2,Arkansas,Arkansas State,SEC,Sun Belt,56,14,Bovada,-23.5,62.0
401767112,2025,2,Northern Arizona,Utah Tech,Big Sky,UAC,38,31,ESPN Bet,-21.0,55.5
401760365,2025,2,Nevada,Sacramento State,Mountain West,Big Sky,20,17,Bovada,-8.0,56.0
401767277,2025,2,Eastern Kentucky,Houston Christian,UAC,Southland,20,10,ESPN Bet,-18.0,53.5
401762459,2025,2,East Carolina,Campbell,American Athletic,CAA,56,3,Bovada,-30.0,56.0
401767266,2025,2,New Hampshire,Holy Cross,CAA,Patriot,19,16,ESPN Bet,-1.5,46.5
401757228,2025,2,Marshall,Missouri State,Sun Belt,Conference USA,20,21,Bovada,-7.0,53.5
401762460,2025,2,Florida Atlantic,Florida A&M,American Athletic,SWAC,56,14,Bovada,-21.0,51.0
401761599,2025,2,Old Dominion,North Carolina Central,Sun Belt,MEAC,54,6,Bovada,-22.0,50.5
401754530,2025,2,California,Texas Southern,ACC,SWAC,35,3,Bovada,-44.5,54.5
401756887,2025,2,Utah,Cal Poly,Big 12,Big Sky,63,9,Bovada,-42.5,53.5
401767593,2025,2,Wofford,Richmond,Southern,Patriot,10,14,ESPN Bet,6.5,40.5
401767336,2025,2,Villanova,Colgate,CAA,Patriot,24,17,ESPN Bet,-20.0,50.5
401767189,2025,2,William & Mary,Maine,CAA,CAA,28,27,ESPN Bet,-7.0,48.5
401767257,2025,2,Fordham,Monmouth,Patriot,CAA,28,49,ESPN Bet,14.5,65.5
401767149,2025,2,Elon,Davidson,CAA,Pioneer,55,7,ESPN Bet,-27.5,59.5
401767317,2025,2,Stony Brook,Rhode Island,CAA,CAA,17,31,ESPN Bet,7.0,47.5
401752691,2025,2,South Carolina,South Carolina State,SEC,MEAC,38,10,Bovada,-43.0,54.0
401756886,2025,2,UCF,North Carolina A&T,Big 12,CAA,68,7,Bovada,-38.0,51.0
401754527,2025,2,Charlotte,North Carolina,American Athletic,ACC,3,20,ESPN Bet,16.5,49.5
401756884,2025,2,Rice,Houston,American Athletic,Big 12,9,35,Bovada,13.5,38.5
401762795,2025,2,Eastern Michigan,Long Island University,Mid-American,NEC,23,28,Bovada,-22.5,54.5
401754641,2025,2,Miami,Bethune-Cookman,ACC,SWAC,45,3,ESPN Bet,-54.5,64.5
401761601,2025,2,South Alabama,Tulane,Sun Belt,American Athletic,31,33,Bovada,13.5,51.5
401756882,2025,2,Kansas State,Army,Big 12,American Athletic,21,24,Bovada,-17.0,48.5
401767437,2025,2,Illinois State,Morehead State,MVFC,Pioneer,41,13,ESPN Bet,-31.5,52.5
401767216,2025,2,Southeast Missouri State,North Alabama,Big South-OVC,UAC,30,21,ESPN Bet,-15.5,55.5
401757232,2025,2,Toledo,Western Kentucky,Mid-American,Conference USA,45,21,Bovada,-8.5,57.5
401761598,2025,2,Georgia State,Memphis,Sun Belt,American Athletic,16,38,Bovada,14.5,57.5
401767359,2025,2,Southern,Alabama State,SWAC,SWAC,7,30,ESPN Bet,6.5,56.5
401767455,2025,2,Murray State,SE Louisiana,MVFC,Southland,24,45,ESPN Bet,21.5,51.5
401767127,2025,2,North Dakota,Portland State,MVFC,Big Sky,50,20,ESPN Bet,-36.5,58.5
401760364,2025,2,Colorado State,Northern Colorado,Mountain West,Big Sky,21,17,Bovada,-35.0,52.5
401767379,2025,2,Central Arkansas,Arkansas-Pine Bluff,UAC,SWAC,41,17,ESPN Bet,-27.0,55.5
401767304,2025,2,Tarleton State,Mississippi Valley State,UAC,SWAC,59,3,ESPN Bet,-44.5,57.5
401767328,2025,2,Morgan State,Towson,MEAC,CAA,22,27,ESPN Bet,10.0,48.5
401767482,2025,2,Lamar,South Dakota,Southland,MVFC,20,13,ESPN Bet,17.0,51.5
401769868,2025,2,Nicholls,West Georgia,Southland,UAC,10,34,ESPN Bet,-6.5,44.5
401767309,2025,2,Alabama A&M,Alcorn State,SWAC,SWAC,41,31,ESPN Bet,-3.5,49.5
401752819,2025,2,Purdue,Southern Illinois,Big Ten,MVFC,34,17,Bovada,-19.5,52.0
401752814,2025,2,USC,Georgia Southern,Big Ten,Sun Belt,59,20,Bovada,-29.0,61.5
401761597,2025,2,Coastal Carolina,Charleston Southern,Sun Belt,Big South-OVC,13,0,Bovada,-28.5,49.0
401752810,2025,2,Nebraska,Akron,Big Ten,Mid-American,68,0,Bovada,-34.0,47.5
401752688,2025,2,Mississippi State,Arizona State,SEC,Big 12,24,20,Bovada,6.0,58.5
401752816,2025,2,Michigan State,Boston College,Big Ten,ACC,42,40,Bovada,-3.5,45.5
401752690,2025,2,Oklahoma,Michigan,SEC,Big Ten,24,13,DraftKings,-3.0,47.5
401752695,2025,2,Virginia Tech,Vanderbilt,ACC,SEC,20,44,ESPN Bet,-2.5,46.5
401752683,2025,2,Auburn,Ball State,SEC,Mid-American,42,3,Bovada,-43.0,52.5
401752687,2025,2,LSU,Louisiana Tech,SEC,Conference USA,23,7,Bovada,-36.5,49.5
401752681,2025,2,Alabama,UL Monroe,SEC,Sun Belt,73,0,Bovada,-34.0,50.0
401767238,2025,2,Abilene Christian,Stephen F. Austin,UAC,Southland,28,20,ESPN Bet,2.5,51.5
401767105,2025,2,Montana State,South Dakota State,Big Sky,MVFC,24,30,ESPN Bet,3.0,50.5
401761600,2025,2,Louisiana,McNeese,Sun Belt,Southland,34,10,Bovada,-19.0,50.0
401752823,2025,2,UNLV,UCLA,Mountain West,Big Ten,30,23,Bovada,2.5,54.5
401757231,2025,2,UTEP,UT Martin,Conference USA,Big South-OVC,42,17,Bovada,-7.5,49.5
401767292,2025,2,San Diego,Southern Utah,Pioneer,UAC,30,27,ESPN Bet,20.5,53.5
401757229,2025,2,New Mexico State,Tulsa,Conference USA,American Athletic,21,14,Bovada,3.0,52.5
401756879,2025,2,Arizona,Weber State,Big 12,Big Sky,48,3,Bovada,-31.5,56.5
401754526,2025,2,BYU,Stanford,Big 12,ACC,27,3,Bovada,-20.5,44.5
401752948,2025,2,Washington State,San Diego State,Pac-12,Mountain West,36,13,Bovada,-2.0,46.5
401752821,2025,2,Washington,UC Davis,Big Ten,Big Sky,70,10,Bovada,-28.0,54.0
401757230,2025,2,Hawai'i,Sam Houston,Mountain West,Conference USA,37,20,Bovada,-7.0,47.5
401754531,2025,3,Wake Forest,NC State,ACC,ACC,24,34,DraftKings,7.5,52.5
401752836,2025,3,Indiana,Indiana State,Big Ten,MVFC,73,0,Bovada,-47.5,60.0
401754532,2025,3,Syracuse,Colgate,ACC,Patriot,66,24,Bovada,-36.5,64.0
401756893,2025,3,Houston,Colorado,Big 12,Big 12,36,20,DraftKings,-4.0,45.5
401756888,2025,3,Arizona,Kansas State,Big 12,Big 12,23,17,DraftKings,1.5,55.5
401752837,2025,3,UCLA,New Mexico,Big Ten,Mountain West,10,35,DraftKings,-15.5,52.5
401761608,2025,3,Troy,Memphis,Sun Belt,American Athletic,7,28,DraftKings,4.5,51.5
401752831,2025,3,Northwestern,Oregon,Big Ten,Big Ten,14,34,DraftKings,25.5,50.5
401767742,2025,3,Central Connecticut,St. Francis (PA),NEC,NEC,31,7,ESPN Bet,-11.5,44.5
401756891,2025,3,Baylor,Samford,Big 12,Southern,42,7,DraftKings,-51.5,65.5
401752838,2025,3,Maryland,Towson,Big Ten,CAA,44,17,ESPN Bet,-28.5,53.5
401752828,2025,3,Nebraska,Houston Christian,Big Ten,Southland,59,7,DraftKings,-48.5,58.5
401752703,2025,3,Temple,Oklahoma,American Athletic,SEC,3,42,DraftKings,23.5,50.5
401752696,2025,3,Alabama,Wisconsin,SEC,Big Ten,38,14,DraftKings,-17.5,45.5
401752839,2025,3,Michigan,Central Michigan,Big Ten,Mid-American,63,3,DraftKings,-27.5,42.5
401762817,2025,3,Kent State,Buffalo,Mid-American,Mid-American,28,31,DraftKings,23.5,48.5
401754619,2025,3,Virginia,William & Mary,ACC,CAA,55,16,DraftKings,-30.5,54.5
401754623,2025,3,Georgia Tech,Clemson,ACC,ACC,24,21,ESPN Bet,2.5,49.5
401767659,2025,3,Long Island University,Sacred Heart,NEC,FCS Independents,21,24,ESPN Bet,-13.5,42.5
401767733,2025,3,Duquesne,Lehigh,NEC,Patriot,21,35,ESPN Bet,7.5,44.5
401752697,2025,3,Auburn,South Alabama,SEC,Sun Belt,31,15,DraftKings,-26.5,56.5
401752702,2025,3,Missouri,Louisiana,SEC,Sun Belt,52,10,DraftKings,-27.5,47.5
401767232,2025,3,Tennessee Tech,Davidson,Big South-OVC,Pioneer,72,14,ESPN Bet,-40.5,65.5
401767627,2025,3,Wagner,Marist,NEC,Pioneer,10,21,ESPN Bet,-7.5,50.5
401767720,2025,3,Georgetown,Lafayette,Patriot,Patriot,37,42,ESPN Bet,-1.5,53.5
401767120,2025,3,South Dakota,Northern Colorado,MVFC,Big Sky,24,17,ESPN Bet,-21.5,50.5
401762818,2025,3,Ball State,New Hampshire,Mid-American,CAA,34,29,DraftKings,-3.0,46.5
401767318,2025,3,Holy Cross,Rhode Island,Patriot,CAA,7,9,ESPN Bet,3.5,46.5
401767150,2025,3,Western Carolina,Elon,Southern,CAA,31,37,ESPN Bet,2.5,59.5
401767173,2025,3,Eastern Illinois,Illinois State,Big South-OVC,MVFC,30,42,ESPN Bet,20.5,50.5
401767098,2025,3,Montana,North Dakota,Big Sky,MVFC,24,23,ESPN Bet,-1.5,54.5
401757168,2025,3,Delaware,UConn,Conference USA,FBS Independents,44,41,DraftKings,8.5,52.5
401767106,2025,3,Montana State,San Diego,Big Sky,Pioneer,41,7,ESPN Bet,-31.0,52.5
401754615,2025,3,Missouri State,SMU,Conference USA,ACC,10,28,DraftKings,29.5,60.5
401767141,2025,3,Campbell,Furman,CAA,Southern,24,28,ESPN Bet,1.5,53.5
401752833,2025,3,Rutgers,Norfolk State,Big Ten,MEAC,60,10,DraftKings,-44.5,56.5
401754638,2025,3,West Virginia,Pittsburgh,Big 12,ACC,31,24,ESPN Bet,6.5,54.5
401752705,2025,3,Tennessee,Georgia,SEC,SEC,41,44,ESPN Bet,3.5,50.5
401752834,2025,3,Michigan State,Youngstown State,Big Ten,MVFC,41,24,DraftKings,-23.5,55.5
401752835,2025,3,Penn State,Villanova,Big Ten,CAA,52,6,DraftKings,-46.5,57.5
401752832,2025,3,Purdue,USC,Big Ten,Big Ten,17,33,DraftKings,20.5,59.5
401762819,2025,3,Toledo,Morgan State,Mid-American,MEAC,60,0,DraftKings,-33.5,54.5
401752938,2025,3,Texas Tech,Oregon State,Big 12,Pac-12,45,14,DraftKings,-24.5,61.5
401767588,2025,3,Bucknell,VMI,Patriot,Southern,35,28,ESPN Bet,-8.5,53.5
401767217,2025,3,North Dakota State,Southeast Missouri State,MVFC,Big South-OVC,41,14,ESPN Bet,-31.5,54.5
401767322,2025,3,Stony Brook,Fordham,CAA,Patriot,41,18,ESPN Bet,-4.0,54.5
401754639,2025,3,North Carolina,Richmond,ACC,Patriot,41,6,ESPN Bet,-24.5,47.5
401752949,2025,3,North Texas,Washington State,American Athletic,Pac-12,59,10,DraftKings,-6.5,57.5
401762467,2025,3,UTSA,Incarnate Word,American Athletic,Southland,48,20,DraftKings,-21.0,62.5
401756892,2025,3,Cincinnati,Northwestern State,Big 12,Southland,70,0,DraftKings,-48.5,55.5
401767090,2025,3,Idaho,Utah Tech,Big Sky,UAC,20,6,ESPN Bet,-16.5,52.5
401767161,2025,3,Charleston Southern,Lindenwood,Big South-OVC,Big South-OVC,28,35,ESPN Bet,2.5,47.5
401756890,2025,3,Arkansas State,Iowa State,Sun Belt,Big 12,16,24,DraftKings,21.0,55.5
401752706,2025,3,Texas,UTEP,SEC,Conference USA,27,10,DraftKings,-39.5,52.5
401754535,2025,3,Miami,South Florida,ACC,American Athletic,49,12,DraftKings,-17.5,56.5
401767225,2025,3,Tennessee State,Alabama A&M,Big South-OVC,SWAC,21,23,ESPN Bet,1.0,55.5
401767060,2025,3,Northern Iowa,Eastern Washington,MVFC,Big Sky,17,14,ESPN Bet,-4.5,54.5
401757258,2025,3,Nevada,Middle Tennessee,Mountain West,Conference USA,13,14,Bovada,-9.0,50.0
401757256,2025,3,Bowling Green,Liberty,Mid-American,Conference USA,23,13,DraftKings,6.0,51.5
401767300,2025,3,West Georgia,East Tennessee State,UAC,Southern,35,31,ESPN Bet,-5.5,52.5
401767190,2025,3,Maine,Stonehill,CAA,NEC,10,13,ESPN Bet,-21.0,51.5
401752701,2025,3,Mississippi State,Alcorn State,SEC,SWAC,63,0,DraftKings,-42.5,56.5
401767388,2025,3,South Carolina State,Bethune-Cookman,MEAC,SWAC,55,41,ESPN Bet,-18.0,47.5
401757235,2025,3,Kennesaw State,Merrimack,Conference USA,FCS Independents,27,13,DraftKings,-17.5,44.5
401767529,2025,3,Chattanooga,Stetson,Southern,Pioneer,63,0,ESPN Bet,-27.5,54.5
401767573,2025,3,Mercer,Wofford,Southern,Southern,22,21,ESPN Bet,-10.5,42.5
401762464,2025,3,Charlotte,Monmouth,American Athletic,CAA,42,35,DraftKings,-3.0,66.5
401761606,2025,3,Marshall,Eastern Kentucky,Sun Belt,UAC,38,7,DraftKings,-14.5,49.5
401757233,2025,3,Florida International,Florida Atlantic,Conference USA,American Athletic,38,28,Bovada,-2.0,56.5
401767159,2025,3,McNeese,Weber State,Southland,Big Sky,41,42,ESPN Bet,3.0,52.5
401767248,2025,3,Austin Peay,Morehead State,UAC,Pioneer,56,7,ESPN Bet,-25.5,49.5
401752829,2025,3,Illinois,Western Michigan,Big Ten,Mid-American,38,0,DraftKings,-27.5,50.5
401767235,2025,3,UT Martin,Southern Illinois,Big South-OVC,MVFC,10,37,ESPN Bet,3.0,52.5
401762466,2025,3,Rice,Prairie View A&M,American Athletic,SWAC,38,17,DraftKings,-29.5,48.5
401752827,2025,3,Ohio State,Ohio,Big Ten,Mid-American,37,9,Bovada,-28.0,49.0
401767458,2025,3,Texas Southern,Lamar,SWAC,Southland,7,31,ESPN Bet,9.5,45.5
401761607,2025,3,Southern Miss,App State,Sun Belt,Sun Belt,38,22,DraftKings,3.0,55.5
401767426,2025,3,SE Louisiana,Mississippi Valley State,Southland,SWAC,56,3,ESPN Bet,-32.5,51.5
401767237,2025,3,Western Illinois,Valparaiso,Big South-OVC,Pioneer,51,30,ESPN Bet,-17.0,49.5
401754536,2025,3,Virginia Tech,Old Dominion,ACC,Sun Belt,26,45,DraftKings,-5.5,50.5
401767181,2025,3,North Carolina A&T,Hampton,CAA,CAA,33,30,ESPN Bet,3.0,48.5
401767202,2025,3,Gardner-Webb,The Citadel,Big South-OVC,Southern,23,13,ESPN Bet,-3.5,54.5
401757234,2025,3,Georgia Southern,Jacksonville State,Sun Belt,Conference USA,41,34,Bovada,-3.0,59.0
401761605,2025,3,Georgia State,Murray State,Sun Belt,MVFC,37,21,DraftKings,-31.5,63.5
401767305,2025,3,Central Arkansas,Tarleton State,UAC,UAC,10,56,ESPN Bet,13.0,56.5
401767544,2025,3,South Dakota State,Drake,MVFC,Pioneer,37,21,ESPN Bet,-34.0,47.5
401783278,2025,3,UAlbany,New Haven,CAA,NEC,17,24,ESPN Bet,-19.5,45.5
401752700,2025,3,Ole Miss,Arkansas,SEC,SEC,41,35,DraftKings,-3.5,60.5
401752698,2025,3,Kentucky,Eastern Michigan,SEC,Mid-American,48,23,DraftKings,-26.5,49.5
401757257,2025,3,Louisiana Tech,New Mexico State,Conference USA,Conference USA,49,14,DraftKings,-10.0,42.5
401752699,2025,3,LSU,Florida,SEC,SEC,20,10,ESPN Bet,-5.5,47.5
401761604,2025,3,Coastal Carolina,East Carolina,Sun Belt,American Athletic,0,38,Bovada,7.0,58.0
401752707,2025,3,Notre Dame,Texas A&M,FBS Independents,SEC,40,41,ESPN Bet,-7.5,48.5
401752830,2025,3,Iowa,Massachusetts,Big Ten,Mid-American,47,7,DraftKings,-35.5,44.5
401752704,2025,3,South Carolina,Vanderbilt,SEC,SEC,7,31,DraftKings,-3.0,48.5
401756894,2025,3,TCU,Abilene Christian,Big 12,UAC,42,21,DraftKings,-42.5,60.5
401754534,2025,3,Tulane,Duke,American Athletic,ACC,34,27,DraftKings,-1.5,52.5
401756895,2025,3,Wyoming,Utah,Mountain West,Big 12,6,31,DraftKings,24.5,47.5
401762465,2025,3,Tulsa,Navy,American Athletic,American Athletic,23,42,DraftKings,14.0,52.5
401767113,2025,3,Southern Utah,Northern Arizona,UAC,Big Sky,49,52,ESPN Bet,3.5,55.5
401762463,2025,3,UAB,Akron,American Athletic,Mid-American,31,28,DraftKings,-12.5,58.5
401767131,2025,3,Sacramento State,Mercyhurst,Big Sky,NEC,49,28,ESPN Bet,-21.5,57.5
401760368,2025,3,Utah State,Air Force,Mountain West,Mountain West,49,30,DraftKings,4.0,51.5
401760369,2025,3,Fresno State,Southern,Mountain West,SWAC,56,7,DraftKings,-37.5,51.5
401754533,2025,3,Stanford,Boston College,ACC,ACC,30,20,Bovada,14.0,44.5
401756889,2025,3,Arizona State,Texas State,Big 12,Sun Belt,34,15,Bovada,-18.5,61.5
401752840,2025,3,California,Minnesota,ACC,Big Ten,27,14,DraftKings,3.0,41.5
401760370,2025,3,Hawai'i,Portland State,Mountain West,Big Sky,23,3,DraftKings,-35.5,54.5
401762468,2025,4,Charlotte,Rice,American Athletic,American Athletic,17,28,ESPN Bet,1.5,41.5
401767679,2025,4,Lafayette,Columbia,Patriot,Ivy,38,14,ESPN Bet,-3.5,54.5
401756900,2025,4,Oklahoma State,Tulsa,Big 12,American Athletic,12,19,ESPN Bet,-10.5,54.5
401752844,2025,4,Rutgers,Iowa,Big Ten,Big Ten,28,38,DraftKings,2.5,46.5
401767726,2025,4,Yale,Holy Cross,Ivy,Patriot,28,10,ESPN Bet,-6.5,44.5
401762469,2025,4,Army,North Texas,American Athletic,American Athletic,38,45,DraftKings,2.5,50.5
401754636,2025,4,TCU,SMU,Big 12,ACC,35,24,DraftKings,-6.5,63.5
401767644,2025,4,Princeton,San Diego,Ivy,Pioneer,35,42,ESPN Bet,-7.5,48.5
401767551,2025,4,Brown,Georgetown,Ivy,Patriot,46,0,ESPN Bet,3.5,57.5
401756901,2025,4,Utah,Texas Tech,Big 12,Big 12,10,34,DraftKings,-3.5,58.5
401752708,2025,4,Memphis,Arkansas,American Athletic,SEC,32,31,DraftKings,7.0,59.5
401754617,2025,4,Virginia Tech,Wofford,ACC,Southern,38,6,Bovada,-35.5,51.5
401752845,2025,4,Wisconsin,Maryland,Big Ten,Big Ten,10,27,DraftKings,-10.5,44.5
401754642,2025,4,Louisville,Bowling Green,ACC,Mid-American,40,17,DraftKings,-26.5,50.5
401762470,2025,4,South Florida,South Carolina State,American Athletic,MEAC,63,14,Bovada,-36.0,56.5
401760376,2025,4,Miami (OH),UNLV,Mid-American,Mountain West,38,41,DraftKings,2.5,49.5
401754537,2025,4,Clemson,Syracuse,ACC,ACC,21,34,DraftKings,-17.5,53.5
401752715,2025,4,Tennessee,UAB,SEC,American Athletic,56,24,DraftKings,-39.5,69.5
401767286,2025,4,Illinois State,North Alabama,MVFC,UAC,38,36,ESPN Bet,-17.0,58.5
401767258,2025,4,Monmouth,Villanova,CAA,CAA,51,33,ESPN Bet,-3.5,65.5
401762822,2025,4,Central Michigan,Wagner,Mid-American,NEC,49,10,Bovada,-29.0,47.0
401767267,2025,4,Dartmouth,New Hampshire,Ivy,CAA,27,20,ESPN Bet,2.0,45.5
401767342,2025,4,St. Francis (PA),Delaware State,NEC,MEAC,10,39,ESPN Bet,7.5,47.5
401767653,2025,4,Stetson,Harvard,Pioneer,Ivy,7,59,ESPN Bet,35.5,56.5
401767672,2025,4,Colgate,Fordham,Patriot,Patriot,44,21,ESPN Bet,-7.0,59.5
401767772,2025,4,Stonehill,Pennsylvania,NEC,Ivy,21,24,ESPN Bet,17.5,49.5
401767541,2025,4,South Dakota,Drake,MVFC,Pioneer,42,21,ESPN Bet,-17.0,46.5
401767589,2025,4,Richmond,VMI,Patriot,Southern,38,14,ESPN Bet,-17.0,42.5
401767613,2025,4,Robert Morris,Dayton,NEC,Pioneer,14,17,ESPN Bet,-2.5,41.5
401767574,2025,4,The Citadel,Mercer,Southern,Southern,0,38,ESPN Bet,2.5,42.5
401767580,2025,4,Western Carolina,Samford,Southern,Southern,50,35,ESPN Bet,-10.5,58.5
401767107,2025,4,Montana State,Mercyhurst,Big Sky,NEC,17,0,ESPN Bet,-29.5,60.5
401767099,2025,4,Montana,Indiana State,Big Sky,MVFC,63,20,ESPN Bet,-21.0,56.5
401752841,2025,4,Oregon,Oregon State,Big Ten,Pac-12,41,7,DraftKings,-33.5,58.5
401761610,2025,4,Eastern Michigan,Louisiana,Mid-American,Sun Belt,34,31,DraftKings,2.5,51.5
401754541,2025,4,Florida State,Kent State,ACC,Mid-American,66,10,DraftKings,-44.5,56.5
401757169,2025,4,UConn,Ball State,FBS Independents,Mid-American,31,25,DraftKings,-21.0,53.5
401752848,2025,4,Notre Dame,Purdue,FBS Independents,Big Ten,56,30,DraftKings,-24.5,51.5
401757262,2025,4,Liberty,James Madison,Conference USA,Sun Belt,13,31,DraftKings,7.5,46.5
401752846,2025,4,Nebraska,Michigan,Big Ten,Big Ten,27,30,DraftKings,1.5,47.5
401754640,2025,4,UCF,North Carolina,Big 12,ACC,34,9,DraftKings,-7.0,46.5
401762823,2025,4,Ohio,Gardner-Webb,Mid-American,Big South-OVC,52,35,Bovada,-30.5,55.0
401752711,2025,4,Ole Miss,Tulane,SEC,American Athletic,45,10,DraftKings,-12.5,61.5
401762820,2025,4,Western Michigan,Toledo,Mid-American,Mid-American,14,13,DraftKings,13.5,48.5
401752714,2025,4,Oklahoma,Auburn,SEC,SEC,24,17,DraftKings,-6.5,47.5
401761613,2025,4,Buffalo,Troy,Mid-American,Sun Belt,17,21,DraftKings,-5.5,43.5
401767162,2025,4,William & Mary,Charleston Southern,CAA,Big South-OVC,34,7,ESPN Bet,-11.5,45.5
401767272,2025,4,North Carolina A&T,North Carolina Central,CAA,MEAC,20,62,ESPN Bet,13.0,48.5
401767502,2025,4,North Dakota,Valparaiso,MVFC,Pioneer,58,7,ESPN Bet,-44.0,59.5
401767405,2025,4,Norfolk State,Sacred Heart,MEAC,FCS Independents,28,31,ESPN Bet,-1.0,47.5
401767182,2025,4,Howard,Hampton,MEAC,CAA,34,7,ESPN Bet,3.0,46.5
401754538,2025,4,Duke,NC State,ACC,ACC,45,33,DraftKings,-3.0,57.5
401752712,2025,4,Mississippi State,Northern Illinois,SEC,Mid-American,38,10,DraftKings,-23.5,48.5
401754542,2025,4,Georgia Tech,Temple,ACC,American Athletic,45,24,DraftKings,-24.5,52.5
401760375,2025,4,San José State,Idaho,Mountain West,Big Sky,31,28,Bovada,-14.5,51.5
401767114,2025,4,Northern Arizona,Incarnate Word,Big Sky,Southland,31,23,ESPN Bet,-5.5,54.5
401767151,2025,4,East Tennessee State,Elon,Southern,CAA,26,16,ESPN Bet,-2.0,56.5
401767031,2025,4,Campbell,Bryant,CAA,CAA,50,48,ESPN Bet,1.5,51.5
401756899,2025,4,Kansas,West Virginia,Big 12,Big 12,41,10,DraftKings,-12.5,54.5
401767664,2025,4,Bucknell,Lehigh,Patriot,Patriot,24,41,ESPN Bet,14.0,54.5
401762821,2025,4,Akron,Duquesne,Mid-American,NEC,51,7,Bovada,-10.5,51.0
401757259,2025,4,Florida International,Delaware,Conference USA,Conference USA,16,38,DraftKings,-4.0,54.5
401767319,2025,4,Rhode Island,Long Island University,CAA,NEC,28,7,ESPN Bet,-16.5,45.5
401767743,2025,4,Merrimack,Central Connecticut,FCS Independents,NEC,16,14,ESPN Bet,-1.5,42.5
401767329,2025,4,Towson,Youngstown State,CAA,MVFC,28,31,ESPN Bet,3.0,54.5
401757261,2025,4,Kennesaw State,Arkansas State,Conference USA,Sun Belt,28,21,DraftKings,4.5,57.5
401767278,2025,4,West Georgia,Eastern Kentucky,UAC,UAC,33,12,ESPN Bet,-10.5,49.5
401767121,2025,4,Houston Christian,Northern Colorado,Southland,Big Sky,23,26,ESPN Bet,-1.5,47.5
401761609,2025,4,Georgia Southern,Maine,Sun Belt,CAA,45,17,Bovada,-22.0,57.5
401757260,2025,4,Jacksonville State,Murray State,Conference USA,MVFC,45,10,Bovada,-35.5,60.5
401767333,2025,4,UAlbany,Cornell,CAA,Ivy,13,10,ESPN Bet,3.0,50.5
401767416,2025,4,Grambling,East Texas A&M,SWAC,Southland,31,28,ESPN Bet,3.5,54.5
401752713,2025,4,Missouri,South Carolina,SEC,SEC,29,20,DraftKings,-10.0,48.5
401761611,2025,4,South Alabama,Coastal Carolina,Sun Belt,Sun Belt,20,38,DraftKings,-14.5,51.5
401767433,2025,4,Prairie View A&M,Northwestern State,SWAC,Southland,27,24,ESPN Bet,-10.5,46.5
401757264,2025,4,Middle Tennessee,Marshall,Conference USA,Sun Belt,28,42,DraftKings,2.5,46.5
401767061,2025,4,Eastern Washington,Western Illinois,Big Sky,Big South-OVC,52,31,ESPN Bet,-13.0,58.5
401767218,2025,4,Southeast Missouri State,Southern Illinois,Big South-OVC,MVFC,31,59,ESPN Bet,5.5,54.5
401760372,2025,4,Air Force,Boise State,Mountain West,Mountain West,37,49,DraftKings,10.5,51.5
401767306,2025,4,Tarleton State,Chattanooga,UAC,Southern,52,24,ESPN Bet,-27.0,55.5
401767210,2025,4,Lindenwood,Stony Brook,Big South-OVC,CAA,30,27,ESPN Bet,3.5,58.5
401757265,2025,4,Missouri State,UT Martin,Conference USA,Big South-OVC,42,10,Bovada,-14.0,55.5
401757268,2025,4,Western Kentucky,Nevada,Conference USA,Mountain West,31,16,DraftKings,-8.5,54.5
401757263,2025,4,Louisiana Tech,Southern Miss,Conference USA,Sun Belt,30,20,DraftKings,-3.0,51.5
401756896,2025,4,Baylor,Arizona State,Big 12,Big 12,24,27,DraftKings,-3.0,60.5
401752716,2025,4,Vanderbilt,Georgia State,SEC,Sun Belt,70,21,DraftKings,-27.5,53.5
401754539,2025,4,Virginia,Stanford,ACC,ACC,48,20,DraftKings,-16.5,48.5
401752842,2025,4,Washington State,Washington,Pac-12,Big Ten,24,59,DraftKings,21.0,51.5
401752843,2025,4,Indiana,Illinois,Big Ten,Big Ten,63,10,DraftKings,-7.0,51.5
401752709,2025,4,Miami,Florida,ACC,SEC,26,7,ESPN Bet,-8.5,51.5
401756898,2025,4,East Carolina,BYU,American Athletic,Big 12,13,34,DraftKings,6.5,49.5
401752710,2025,4,LSU,SE Louisiana,SEC,Southland,56,10,Bovada,-49.0,60.0
401761612,2025,4,Texas State,Nicholls,Sun Belt,Southland,35,3,Bovada,-32.5,57.0
401767072,2025,4,Stephen F. Austin,Cal Poly,Southland,Big Sky,35,17,ESPN Bet,-10.5,54.5
401767239,2025,4,Abilene Christian,Austin Peay,UAC,UAC,45,31,ESPN Bet,2.0,54.5
401767308,2025,4,Utah Tech,Northern Iowa,UAC,MVFC,20,9,ESPN Bet,6.5,49.5
401760377,2025,4,Utah State,McNeese,Mountain West,Southland,48,7,Bovada,-23.5,63.0
401752723,2025,4,Texas,Sam Houston,SEC,Conference USA,55,0,DraftKings,-39.5,51.5
401757267,2025,4,UTEP,UL Monroe,Conference USA,Sun Belt,25,31,DraftKings,-5.5,47.5
401767132,2025,4,Sacramento State,Central Arkansas,Big Sky,UAC,45,16,ESPN Bet,-15.5,59.5
401767160,2025,4,Weber State,Butler,Big Sky,Pioneer,38,24,ESPN Bet,-16.0,53.5
401760373,2025,4,Colorado State,UTSA,Mountain West,American Athletic,16,17,DraftKings,4.5,58.5
401767157,2025,4,UC Davis,Southern Utah,Big Sky,UAC,50,34,ESPN Bet,-6.5,61.5
401756897,2025,4,Colorado,Wyoming,Big 12,Mountain West,37,20,DraftKings,-12.5,45.5
401754540,2025,4,San Diego State,California,Mountain West,ACC,34,0,DraftKings,14.0,47.5
401752847,2025,4,USC,Michigan State,Big Ten,Big Ten,45,31,DraftKings,-18.5,55.5
401760374,2025,4,Hawai'i,Fresno State,Mountain West,Mountain West,21,23,DraftKings,2.5,47.5
401762471,2025,5,East Carolina,Army,American Athletic,American Athletic,28,6,DraftKings,-3.5,52.5
401754543,2025,5,Virginia,Florida State,ACC,ACC,46,38,DraftKings,7.0,59.5
401756902,2025,5,Arizona State,TCU,Big 12,Big 12,27,24,ESPN Bet,-2.5,54.5
401752939,2025,5,Oregon State,Houston,Pac-12,Big 12,24,27,ESPN Bet,11.5,48.5
401779328,2025,5,Duquesne,New Haven,NEC,NEC,44,18,ESPN Bet,-18.0,54.5
401754545,2025,5,Syracuse,Duke,ACC,ACC,3,38,DraftKings,4.0,59.5
401761617,2025,5,North Texas,South Alabama,American Athletic,Sun Belt,36,22,DraftKings,-13.5,63.5
401756906,2025,5,Kansas State,UCF,Big 12,Big 12,34,20,ESPN Bet,-5.5,48.5
401754547,2025,5,Pittsburgh,Louisville,ACC,ACC,27,34,DraftKings,3.0,53.5
401752850,2025,5,Illinois,USC,Big Ten,Big Ten,34,32,DraftKings,6.5,62.5
401754546,2025,5,Wake Forest,Georgia Tech,ACC,ACC,29,30,DraftKings,13.5,53.5
401752849,2025,5,Minnesota,Rutgers,Big Ten,Big Ten,31,28,ESPN Bet,-3.5,51.5
401752717,2025,5,Arkansas,Notre Dame,SEC,FBS Independents,13,56,DraftKings,5.5,64.5
401767343,2025,5,Sacred Heart,Delaware State,FCS Independents,MEAC,35,31,ESPN Bet,5.0,54.5
401767734,2025,5,Lehigh,Pennsylvania,Patriot,Ivy,44,30,ESPN Bet,-9.5,47.5
401767689,2025,5,Yale,Cornell,Ivy,Ivy,41,24,ESPN Bet,-19.5,48.5
401767614,2025,5,Dayton,Stetson,Pioneer,Pioneer,48,14,ESPN Bet,-25.5,49.5
401767406,2025,5,Wagner,Norfolk State,NEC,MEAC,18,13,ESPN Bet,2.5,47.5
401767697,2025,5,Central Connecticut,Dartmouth,NEC,Ivy,28,35,ESPN Bet,7.5,45.5
401767721,2025,5,Columbia,Georgetown,Ivy,Patriot,19,10,ESPN Bet,-11.5,50.5
401756905,2025,5,Kansas,Cincinnati,Big 12,Big 12,34,37,DraftKings,-5.5,55.5
401762825,2025,5,Ohio,Bowling Green,Mid-American,Mid-American,35,20,DraftKings,-7.5,49.5
401752725,2025,5,Vanderbilt,Utah State,SEC,Mountain West,55,35,DraftKings,-23.5,57.5
401767268,2025,5,New Hampshire,UAlbany,CAA,CAA,24,6,ESPN Bet,-13.0,44.5
401762826,2025,5,Central Michigan,Eastern Michigan,Mid-American,Mid-American,24,13,DraftKings,-3.0,55.5
401767032,2025,5,Bryant,Towson,CAA,CAA,24,26,ESPN Bet,9.5,54.5
401767758,2025,5,Stonehill,Long Island University,NEC,NEC,10,3,ESPN Bet,6.0,46.5
401767636,2025,5,Presbyterian,Morehead State,Pioneer,Pioneer,41,0,ESPN Bet,-23.5,54.5
401767594,2025,5,Butler,Marist,Pioneer,Pioneer,31,28,ESPN Bet,-6.5,47.5
401767673,2025,5,Fordham,Holy Cross,Patriot,Patriot,26,21,ESPN Bet,14.5,45.5
401761614,2025,5,James Madison,Georgia Southern,Sun Belt,Sun Belt,35,10,DraftKings,-14.5,54.5
401767510,2025,5,North Dakota State,South Dakota,MVFC,MVFC,51,13,ESPN Bet,-25.5,50.5
401767352,2025,5,Richmond,Howard,Patriot,MEAC,13,12,ESPN Bet,-16.0,43.5
401767249,2025,5,Austin Peay,Utah Tech,UAC,UAC,42,10,ESPN Bet,-14.0,46.5
401767152,2025,5,Elon,Hampton,CAA,CAA,41,20,ESPN Bet,-17.5,55.5
401767545,2025,5,South Dakota State,Mercyhurst,MVFC,NEC,51,7,ESPN Bet,-32.5,58.5
401761616,2025,5,UL Monroe,Arkansas State,Sun Belt,Sun Belt,28,16,DraftKings,-1.5,55.5
401767311,2025,5,Bethune-Cookman,Alabama A&M,SWAC,SWAC,41,34,ESPN Bet,4.5,58.5
401767082,2025,5,Northern Colorado,Idaho State,Big Sky,Big Sky,18,26,ESPN Bet,3.5,54.5
401767361,2025,5,Florida A&M,Alabama State,SWAC,SWAC,14,42,ESPN Bet,4.0,50.5
401754544,2025,5,Boston College,California,ACC,ACC,24,28,DraftKings,-6.0,54.5
401756908,2025,5,West Virginia,Utah,Big 12,Big 12,14,48,DraftKings,13.5,46.5
401752719,2025,5,Ole Miss,LSU,SEC,SEC,24,19,DraftKings,-2.5,57.5
401767337,2025,5,Villanova,William & Mary,CAA,CAA,31,24,ESPN Bet,-6.5,50.5
401767566,2025,5,Samford,Furman,Southern,Southern,13,31,ESPN Bet,7.0,54.5
401752851,2025,5,Northwestern,UCLA,Big Ten,Big Ten,17,14,DraftKings,-6.0,45.5
401752852,2025,5,Washington,Ohio State,Big Ten,Big Ten,6,24,DraftKings,9.5,52.5
401769866,2025,5,Lafayette,Princeton,Patriot,Ivy,28,38,ESPN Bet,-7.0,60.5
401752853,2025,5,Iowa,Indiana,Big Ten,Big Ten,15,20,DraftKings,9.5,47.5
401757170,2025,5,Buffalo,UConn,Mid-American,FBS Independents,17,20,DraftKings,3.0,51.5
401752724,2025,5,Texas A&M,Auburn,SEC,SEC,16,10,DraftKings,-6.5,51.5
401767323,2025,5,Stony Brook,Merrimack,CAA,FCS Independents,35,10,ESPN Bet,-7.0,47.5
401762824,2025,5,Toledo,Akron,Mid-American,Mid-American,45,3,DraftKings,-21.5,50.5
401767142,2025,5,Campbell,Western Carolina,CAA,Southern,35,42,ESPN Bet,6.5,68.5
401756907,2025,5,Oklahoma State,Baylor,Big 12,Big 12,27,45,DraftKings,21.0,58.5
401760380,2025,5,Northern Illinois,San Diego State,Mid-American,Mountain West,3,6,DraftKings,1.5,41.5
401767191,2025,5,Maine,North Carolina A&T,CAA,CAA,37,30,ESPN Bet,-13.5,48.5
401762473,2025,5,Navy,Rice,American Athletic,American Athletic,21,13,DraftKings,-14.0,45.5
401762827,2025,5,Miami (OH),Lindenwood,Mid-American,Big South-OVC,38,0,DraftKings,-22.5,49.5
401757274,2025,5,New Mexico,New Mexico State,Mountain West,Conference USA,38,20,DraftKings,-16.5,53.5
401762474,2025,5,Tulsa,Tulane,American Athletic,American Athletic,14,31,DraftKings,14.5,52.5
401767645,2025,5,San Diego,St. Thomas (MN),Pioneer,Pioneer,30,27,ESPN Bet,-1.0,53.5
401767174,2025,5,Western Illinois,Eastern Illinois,Big South-OVC,Big South-OVC,23,31,ESPN Bet,-2.5,62.5
401767062,2025,5,Montana State,Eastern Washington,Big Sky,Big Sky,57,3,ESPN Bet,-21.0,57.5
401760378,2025,5,Air Force,Hawai'i,Mountain West,Mountain West,35,44,DraftKings,-7.0,52.5
401752720,2025,5,Mississippi State,Tennessee,SEC,SEC,34,41,DraftKings,7.5,63.5
401767226,2025,5,Tennessee State,Tennessee Tech,Big South-OVC,Big South-OVC,8,35,ESPN Bet,31.5,56.5
401767427,2025,5,Mississippi Valley State,Texas Southern,SWAC,SWAC,20,23,ESPN Bet,13.5,47.5
401767115,2025,5,Portland State,Northern Arizona,Big Sky,Big Sky,17,31,ESPN Bet,21.0,54.5
401767558,2025,5,East Tennessee State,Mercer,Southern,Southern,34,38,ESPN Bet,2.0,52.5
401757270,2025,5,Kennesaw State,Middle Tennessee,Conference USA,Conference USA,24,16,DraftKings,-7.0,54.5
401767530,2025,5,Chattanooga,The Citadel,Southern,Southern,10,28,ESPN Bet,-15.5,47.5
401767665,2025,5,Bucknell,St. Francis (PA),Patriot,NEC,30,23,ESPN Bet,-18.5,49.5
401767163,2025,5,Charleston Southern,South Carolina State,Big South-OVC,MEAC,31,24,ESPN Bet,10.5,51.5
401757271,2025,5,Old Dominion,Liberty,Sun Belt,Conference USA,21,7,DraftKings,-14.5,53.5
401767279,2025,5,Eastern Kentucky,Nicholls,UAC,Southland,27,7,ESPN Bet,-2.5,42.5
401767552,2025,5,Harvard,Brown,Ivy,Ivy,41,7,ESPN Bet,-16.5,57.5
401762828,2025,5,Western Michigan,Rhode Island,Mid-American,CAA,47,14,Bovada,-7.5,45.5
401767219,2025,5,UT Martin,Southeast Missouri State,Big South-OVC,Big South-OVC,34,10,ESPN Bet,3.0,56.5
401767240,2025,5,Incarnate Word,Abilene Christian,Southland,UAC,38,7,ESPN Bet,-2.0,56.5
401767422,2025,5,Southern,Jackson State,SWAC,SWAC,13,38,ESPN Bet,9.5,50.5
401757269,2025,5,Southern Miss,Jacksonville State,Sun Belt,Conference USA,42,25,DraftKings,-4.5,55.5
401767412,2025,5,East Texas A&M,North Carolina Central,Southland,MEAC,42,50,ESPN Bet,14.5,56.5
401756904,2025,5,Iowa State,Arizona,Big 12,Big 12,39,14,DraftKings,-4.0,48.5
401754548,2025,5,NC State,Virginia Tech,ACC,ACC,21,23,DraftKings,-10.0,57.5
401757273,2025,5,Missouri State,Western Kentucky,Conference USA,Conference USA,22,27,DraftKings,3.5,59.5
401767417,2025,5,Prairie View A&M,Grambling,SWAC,SWAC,28,13,ESPN Bet,3.0,52.5
401767523,2025,5,SE Louisiana,UT Rio Grande Valley,Southland,Southland,45,31,ESPN Bet,-18.0,53.5
401767370,2025,5,Alcorn State,Arkansas-Pine Bluff,SWAC,SWAC,20,24,ESPN Bet,7.0,50.5
401767483,2025,5,Lamar,Central Arkansas,Southland,UAC,35,32,ESPN Bet,-6.5,48.5
401762472,2025,5,Florida Atlantic,Memphis,American Athletic,American Athletic,26,55,DraftKings,14.0,62.5
401752718,2025,5,Georgia,Alabama,SEC,SEC,21,24,DraftKings,-2.5,53.5
401760379,2025,5,Boise State,App State,Mountain West,Sun Belt,47,14,DraftKings,-16.5,59.5
401754549,2025,5,Stanford,San José State,ACC,Mountain West,30,29,DraftKings,-3.0,49.5
401752854,2025,5,Penn State,Oregon,Big Ten,Big Ten,24,30,ESPN Bet,-4.5,52.5
401752950,2025,5,Colorado State,Washington State,Mountain West,Pac-12,3,20,DraftKings,-4.5,48.5
401752721,2025,5,Missouri,Massachusetts,SEC,Mid-American,42,6,DraftKings,-44.5,57.5
401752722,2025,5,South Carolina,Kentucky,SEC,SEC,35,13,DraftKings,-5.5,46.5
401761615,2025,5,Louisiana,Marshall,Sun Belt,Sun Belt,54,51,DraftKings,2.5,47.5
401767491,2025,5,Stephen F. Austin,McNeese,Southland,Southland,34,17,ESPN Bet,-13.5,55.5
401767293,2025,5,Southern Utah,West Georgia,UAC,UAC,24,27,ESPN Bet,1.0,59.5
401757272,2025,5,UTEP,Louisiana Tech,Conference USA,Conference USA,11,30,DraftKings,3.5,48.5
401767073,2025,5,Sacramento State,Cal Poly,Big Sky,Big Sky,24,32,ESPN Bet,-18.0,57.5
401767158,2025,5,UC Davis,Weber State,Big Sky,Big Sky,34,12,ESPN Bet,-16.5,63.5
401767091,2025,5,Montana,Idaho,Big Sky,Big Sky,41,30,ESPN Bet,-7.5,55.5
401756903,2025,5,Colorado,BYU,Big 12,Big 12,21,24,DraftKings,6.5,48.5
401757275,2025,6,New Mexico State,Sam Houston,Conference USA,Conference USA,37,10,ESPN Bet,1.5,53.5
401757276,2025,6,Delaware,Western Kentucky,Conference USA,Conference USA,24,27,DraftKings,-2.5,62.5
401767320,2025,6,Brown,Rhode Island,Ivy,CAA,28,21,ESPN Bet,14.5,48.5
401762475,2025,6,South Florida,Charlotte,American Athletic,American Athletic,54,26,ESPN Bet,-28.5,54.5
401767681,2025,6,Princeton,Columbia,Ivy,Ivy,17,10,ESPN Bet,-3.5,48.5
401760384,2025,6,San José State,New Mexico,Mountain West,Mountain West,35,28,DraftKings,-1.5,58.5
401760382,2025,6,San Diego State,Colorado State,Mountain West,Mountain West,45,24,DraftKings,-4.5,40.5
401756909,2025,6,BYU,West Virginia,Big 12,Big 12,38,24,ESPN Bet,-19.5,46.5
401754550,2025,6,Pittsburgh,Boston College,ACC,ACC,48,7,ESPN Bet,-6.5,54.5
401756911,2025,6,Baylor,Kansas State,Big 12,Big 12,35,34,DraftKings,-4.5,59.5
401752861,2025,6,Purdue,Illinois,Big Ten,Big Ten,27,43,ESPN Bet,7.5,55.5
401767628,2025,6,Marist,San Diego,Pioneer,Pioneer,19,14,ESPN Bet,8.5,51.5
401767751,2025,6,Duquesne,Stonehill,NEC,NEC,34,14,ESPN Bet,-7.5,49.5
401752728,2025,6,Georgia,Kentucky,SEC,SEC,35,14,DraftKings,-19.5,48.5
401752856,2025,6,Michigan,Wisconsin,Big Ten,Big Ten,24,10,DraftKings,-17.5,42.5
401762830,2025,6,Ball State,Ohio,Mid-American,Mid-American,20,14,DraftKings,14.0,52.5
401767660,2025,6,Central Connecticut,Sacred Heart,NEC,FCS Independents,42,35,ESPN Bet,-5.5,45.5
401767666,2025,6,Bucknell,Richmond,Patriot,Patriot,33,28,ESPN Bet,5.0,50.5
401767735,2025,6,Lehigh,Yale,Patriot,Ivy,31,13,ESPN Bet,-4.5,50.5
401762476,2025,6,UAB,Army,American Athletic,American Athletic,13,31,DraftKings,6.5,55.5
401754552,2025,6,North Carolina,Clemson,ACC,ACC,10,38,DraftKings,15.5,47.5
401756912,2025,6,Cincinnati,Iowa State,Big 12,Big 12,38,30,DraftKings,-1.5,55.5
401760381,2025,6,Navy,Air Force,American Athletic,Mountain West,34,31,DraftKings,-13.5,50.5
401767674,2025,6,Lafayette,Fordham,Patriot,Patriot,24,10,ESPN Bet,-15.5,55.5
401762479,2025,6,Temple,UTSA,American Athletic,American Athletic,27,21,DraftKings,6.5,58.5
401767698,2025,6,Pennsylvania,Dartmouth,Ivy,Ivy,36,24,ESPN Bet,3.0,56.5
401767259,2025,6,Monmouth,Delaware State,CAA,MEAC,49,38,ESPN Bet,-21.5,76.5
401767615,2025,6,Morehead State,Dayton,Pioneer,Pioneer,28,35,ESPN Bet,9.5,46.5
401767269,2025,6,New Hampshire,Villanova,CAA,CAA,7,37,ESPN Bet,5.5,47.5
401767757,2025,6,Mercyhurst,Long Island University,NEC,NEC,22,13,ESPN Bet,-3.5,50.5
401767604,2025,6,Stetson,Davidson,Pioneer,Pioneer,35,32,ESPN Bet,6.5,61.5
401767399,2025,6,Georgetown,Morgan State,Patriot,MEAC,27,24,ESPN Bet,2.5,47.5
401767233,2025,6,Tennessee Tech,Western Illinois,Big South-OVC,Big South-OVC,66,20,ESPN Bet,-35.5,66.5
401767763,2025,6,Merrimack,Robert Morris,FCS Independents,NEC,24,7,ESPN Bet,-8.0,44.5
401754556,2025,6,Virginia Tech,Wake Forest,ACC,ACC,23,30,DraftKings,-4.5,51.5
401767621,2025,6,Drake,Valparaiso,Pioneer,Pioneer,41,0,ESPN Bet,-25.0,47.5
401767592,2025,6,Wofford,Western Carolina,Southern,Southern,21,23,ESPN Bet,10.5,53.5
401767531,2025,6,VMI,Chattanooga,Southern,Southern,14,21,ESPN Bet,8.0,52.5
401767164,2025,6,Gardner-Webb,Charleston Southern,Big South-OVC,Big South-OVC,30,27,ESPN Bet,-13.5,51.5
401767727,2025,6,Holy Cross,Harvard,Patriot,Ivy,24,59,ESPN Bet,14.0,48.5
401767033,2025,6,Bryant,Maine,CAA,CAA,14,34,ESPN Bet,-2.5,49.5
401754557,2025,6,NC State,Campbell,ACC,CAA,56,10,Bovada,-42.5,61.5
401767690,2025,6,Cornell,Colgate,Ivy,Patriot,21,41,ESPN Bet,1.5,54.5
401767559,2025,6,Furman,East Tennessee State,Southern,Southern,31,22,ESPN Bet,-0.5,54.5
401767211,2025,6,Lindenwood,UT Martin,Big South-OVC,Big South-OVC,30,14,ESPN Bet,1.5,52.5
401767595,2025,6,St. Thomas (MN),Butler,Pioneer,Pioneer,14,21,ESPN Bet,-6.5,48.5
401762832,2025,6,Massachusetts,Western Michigan,Mid-American,Mid-American,3,21,DraftKings,12.5,46.5
401767241,2025,6,Abilene Christian,North Alabama,UAC,UAC,52,23,ESPN Bet,-11.5,58.5
401756910,2025,6,Arizona,Oklahoma State,Big 12,Big 12,41,13,DraftKings,-21.5,56.5
401767362,2025,6,Alabama State,Bethune-Cookman,SWAC,SWAC,52,35,ESPN Bet,-13.0,57.5
401767175,2025,6,Eastern Illinois,Tennessee State,Big South-OVC,Big South-OVC,31,7,ESPN Bet,-5.0,50.5
401752858,2025,6,Northwestern,UL Monroe,Big Ten,Sun Belt,42,7,DraftKings,-12.5,43.5
401752940,2025,6,App State,Oregon State,Sun Belt,Pac-12,27,23,DraftKings,-1.5,53.5
401767324,2025,6,UAlbany,Stony Brook,CAA,CAA,12,47,ESPN Bet,7.0,48.5
401761618,2025,6,Georgia State,James Madison,Sun Belt,Sun Belt,7,14,DraftKings,19.5,52.5
401752857,2025,6,Maryland,Washington,Big Ten,Big Ten,20,24,DraftKings,5.5,52.5
401752727,2025,6,Florida,Texas,SEC,SEC,29,21,DraftKings,4.5,42.5
401752726,2025,6,Alabama,Vanderbilt,SEC,SEC,30,14,ESPN Bet,-13.5,58.5
401762873,2025,6,Northern Illinois,Miami (OH),Mid-American,Mid-American,14,25,DraftKings,4.5,38.5
401762829,2025,6,Akron,Central Michigan,Mid-American,Mid-American,28,22,DraftKings,7.0,47.5
401757171,2025,6,UConn,Florida International,FBS Independents,Conference USA,51,10,DraftKings,-7.0,52.5
401752855,2025,6,UCLA,Penn State,Big Ten,Big Ten,42,37,DraftKings,24.5,48.5
401767273,2025,6,William & Mary,North Carolina A&T,CAA,CAA,38,34,ESPN Bet,-20.5,53.5
401762831,2025,6,Buffalo,Eastern Michigan,Mid-American,Mid-American,31,30,DraftKings,-9.5,53.5
401754554,2025,6,Louisville,Virginia,ACC,ACC,27,30,DraftKings,-6.5,59.5
401757165,2025,6,Notre Dame,Boise State,FBS Independents,Mountain West,28,7,DraftKings,-21.5,63.5
401754555,2025,6,SMU,Syracuse,ACC,ACC,31,18,DraftKings,-17.5,56.5
401767484,2025,6,Lamar,Nicholls,Southland,Southland,24,17,ESPN Bet,-3.5,41.5
401752860,2025,6,Nebraska,Michigan State,Big Ten,Big Ten,38,27,DraftKings,-12.5,48.5
401767183,2025,6,Hampton,Norfolk State,CAA,MEAC,41,34,ESPN Bet,-4.5,54.5
401767371,2025,6,Alcorn State,Prairie View A&M,SWAC,SWAC,12,13,ESPN Bet,3.0,47.5
401761620,2025,6,Arkansas State,Texas State,Sun Belt,Sun Belt,31,30,DraftKings,14.0,63.5
401752729,2025,6,Oklahoma,Kent State,SEC,Mid-American,44,0,DraftKings,-46.5,53.5
401767503,2025,6,Northern Iowa,North Dakota,MVFC,MVFC,7,35,ESPN Bet,15.0,53.5
401767108,2025,6,Northern Arizona,Montana State,Big Sky,Big Sky,10,34,ESPN Bet,7.5,59.5
401767312,2025,6,Alabama A&M,Jackson State,SWAC,SWAC,24,57,ESPN Bet,14.5,55.5
401767546,2025,6,Youngstown State,South Dakota State,MVFC,MVFC,30,35,ESPN Bet,15.0,55.5
401761619,2025,6,Old Dominion,Coastal Carolina,Sun Belt,Sun Belt,47,7,DraftKings,-18.5,53.5
401767063,2025,6,Eastern Washington,Portland State,Big Sky,Big Sky,35,27,ESPN Bet,-11.0,59.5
401756913,2025,6,Houston,Texas Tech,Big 12,Big 12,11,35,DraftKings,13.5,51.5
401767294,2025,6,Tarleton State,Southern Utah,UAC,UAC,52,42,ESPN Bet,-20.5,64.5
401760385,2025,6,Wyoming,UNLV,Mountain West,Mountain West,17,31,DraftKings,4.5,50.5
401767381,2025,6,Texas Southern,Arkansas-Pine Bluff,SWAC,SWAC,51,7,ESPN Bet,-6.0,48.5
401767460,2025,6,Northwestern State,East Texas A&M,Southland,Southland,10,40,ESPN Bet,7.0,54.5
401761621,2025,6,Troy,South Alabama,Sun Belt,Sun Belt,31,24,DraftKings,2.5,46.5
401762477,2025,6,Rice,Florida Atlantic,American Athletic,American Athletic,21,27,DraftKings,-4.5,54.5
401752859,2025,6,Ohio State,Minnesota,Big Ten,Big Ten,42,3,DraftKings,-23.5,42.5
401752730,2025,6,Texas A&M,Mississippi State,SEC,SEC,31,9,DraftKings,-17.5,57.5
401754553,2025,6,Florida State,Miami,ACC,ACC,22,28,DraftKings,3.5,54.5
401756914,2025,6,TCU,Colorado,Big 12,Big 12,35,21,DraftKings,-13.5,57.5
401756915,2025,6,UCF,Kansas,Big 12,Big 12,20,27,DraftKings,4.0,53.5
401767083,2025,6,Idaho State,Montana,Big Sky,Big Sky,38,42,ESPN Bet,13.5,62.5
401762478,2025,6,Memphis,Tulsa,American Athletic,American Athletic,45,7,DraftKings,-21.0,54.5
401760383,2025,6,Fresno State,Nevada,Mountain West,Mountain West,20,17,DraftKings,-12.5,45.5
401754551,2025,6,California,Duke,ACC,ACC,21,45,DraftKings,3.5,54.5
401757278,2025,7,Middle Tennessee,Missouri State,Conference USA,Conference USA,20,22,ESPN Bet,2.5,52.5
401757277,2025,7,UTEP,Liberty,Conference USA,Conference USA,8,19,DraftKings,1.5,46.5
401757280,2025,7,Kennesaw State,Louisiana Tech,Conference USA,Conference USA,35,7,DraftKings,4.5,46.5
401762480,2025,7,Tulane,East Carolina,American Athletic,American Athletic,26,19,DraftKings,-7.0,53.5
401757279,2025,7,Sam Houston,Jacksonville State,Conference USA,Conference USA,27,29,DraftKings,7.0,53.5
401761622,2025,7,Georgia Southern,Southern Miss,Sun Belt,Sun Belt,35,38,DraftKings,3.0,59.5
401767629,2025,7,Pennsylvania,Marist,Ivy,Pioneer,28,9,ESPN Bet,-16.5,52.5
401767034,2025,7,Bryant,Brown,CAA,Ivy,19,29,ESPN Bet,4.5,54.5
401767691,2025,7,Harvard,Cornell,Ivy,Ivy,34,10,ESPN Bet,-32.5,58.5
401762481,2025,7,North Texas,South Florida,American Athletic,American Athletic,36,63,ESPN Bet,-2.5,68.5
401760388,2025,7,Colorado State,Fresno State,Mountain West,Mountain West,49,21,DraftKings,5.5,47.5
401752862,2025,7,Washington,Rutgers,Big Ten,Big Ten,38,19,ESPN Bet,-9.5,62.5
401761625,2025,7,James Madison,Louisiana,Sun Belt,Sun Belt,24,14,DraftKings,-18.5,44.5
401767576,2025,7,Princeton,Mercer,Ivy,Southern,14,38,ESPN Bet,9.5,53.5
401756920,2025,7,Oklahoma State,Houston,Big 12,Big 12,17,39,DraftKings,14.5,47.5
401762483,2025,7,Army,Charlotte,American Athletic,American Athletic,24,7,DraftKings,-17.5,45.5
401756917,2025,7,Cincinnati,UCF,Big 12,Big 12,20,11,DraftKings,-10.0,55.5
401754559,2025,7,Florida State,Pittsburgh,ACC,ACC,31,34,DraftKings,-10.5,56.5
401767776,2025,7,Wagner,Mercyhurst,NEC,NEC,7,19,ESPN Bet,6.0,46.5
401767736,2025,7,Columbia,Lehigh,Ivy,Patriot,7,31,ESPN Bet,12.5,46.5
401752734,2025,7,Missouri,Alabama,SEC,SEC,24,27,ESPN Bet,3.5,50.5
401762833,2025,7,Akron,Miami (OH),Mid-American,Mid-American,7,20,DraftKings,11.5,47.5
401762835,2025,7,Bowling Green,Toledo,Mid-American,Mid-American,28,23,DraftKings,10.5,45.5
401752865,2025,7,Illinois,Ohio State,Big Ten,Big Ten,16,34,ESPN Bet,15.5,51.5
401752863,2025,7,Michigan State,UCLA,Big Ten,Big Ten,13,38,DraftKings,-7.0,51.5
401754561,2025,7,SMU,Stanford,ACC,ACC,34,10,DraftKings,-19.5,55.5
401767667,2025,7,Lafayette,Bucknell,Patriot,Patriot,62,24,ESPN Bet,-10.0,62.5
401752733,2025,7,Ole Miss,Washington State,SEC,Pac-12,24,21,DraftKings,-33.5,58.5
401767739,2025,7,Colgate,Richmond,Patriot,Patriot,19,24,ESPN Bet,-1.5,55.5
401767596,2025,7,Butler,Presbyterian,Pioneer,Pioneer,25,31,ESPN Bet,10.5,51.5
401767270,2025,7,Rhode Island,New Hampshire,CAA,CAA,38,27,ESPN Bet,-9.5,45.5
401767353,2025,7,Sacred Heart,Howard,FCS Independents,MEAC,32,14,ESPN Bet,-2.5,47.5
401762836,2025,7,Eastern Michigan,Northern Illinois,Mid-American,Mid-American,16,10,DraftKings,1.5,48.5
401767637,2025,7,Stetson,Morehead State,Pioneer,Pioneer,21,14,ESPN Bet,7.0,54.5
401767274,2025,7,North Carolina A&T,South Carolina State,CAA,MEAC,16,22,ESPN Bet,9.5,58.5
401767752,2025,7,Duquesne,St. Francis (PA),NEC,NEC,52,7,ESPN Bet,-14.5,48.5
401767192,2025,7,Merrimack,Maine,FCS Independents,CAA,13,20,ESPN Bet,2.5,45.5
401767605,2025,7,Davidson,St. Thomas (MN),Pioneer,Pioneer,13,57,ESPN Bet,21.5,56.5
401767448,2025,7,Indiana State,South Dakota,MVFC,MVFC,14,19,ESPN Bet,15.5,56.5
401767699,2025,7,Dartmouth,Yale,Ivy,Ivy,17,16,ESPN Bet,-2.5,53.5
401767407,2025,7,Wofford,Norfolk State,Southern,MEAC,31,14,ESPN Bet,-7.5,44.5
401767744,2025,7,Robert Morris,Central Connecticut,NEC,NEC,12,24,ESPN Bet,9.5,45.5
401767154,2025,7,Elon,Villanova,CAA,CAA,21,29,ESPN Bet,6.5,50.5
401767260,2025,7,Towson,Monmouth,CAA,CAA,31,42,ESPN Bet,7.0,75.5
401767143,2025,7,Hampton,Campbell,CAA,CAA,21,38,ESPN Bet,3.5,56.5
401767616,2025,7,Valparaiso,Dayton,Pioneer,Pioneer,10,41,ESPN Bet,15.0,44.5
401767242,2025,7,West Georgia,Abilene Christian,UAC,UAC,13,30,ESPN Bet,-1.5,53.5
401767567,2025,7,Western Carolina,Furman,Southern,Southern,52,7,ESPN Bet,-3.5,67.5
401762837,2025,7,Kent State,Massachusetts,Mid-American,Mid-American,42,6,DraftKings,-1.5,49.5
401767390,2025,7,Bethune-Cookman,Southern,SWAC,SWAC,45,14,ESPN Bet,-1.0,53.5
401767537,2025,7,South Dakota State,Northern Iowa,MVFC,MVFC,31,3,ESPN Bet,-28.5,47.5
401767196,2025,7,Eastern Illinois,Gardner-Webb,Big South-OVC,Big South-OVC,10,21,ESPN Bet,4.5,58.5
401767084,2025,7,Montana State,Idaho State,Big Sky,Big Sky,48,14,ESPN Bet,-22.5,58.5
401767236,2025,7,UT Martin,Western Illinois,Big South-OVC,Big South-OVC,32,31,ESPN Bet,-14.5,62.5
401767313,2025,7,Alabama A&M,Mississippi Valley State,SWAC,SWAC,45,25,ESPN Bet,-21.0,60.5
401767413,2025,7,Florida A&M,North Carolina Central,SWAC,MEAC,7,45,ESPN Bet,12.0,51.5
401756918,2025,7,Colorado,Iowa State,Big 12,Big 12,24,17,DraftKings,3.0,52.5
401761626,2025,7,Marshall,Old Dominion,Sun Belt,Sun Belt,48,24,DraftKings,14.5,57.5
401762834,2025,7,Western Michigan,Ball State,Mid-American,Mid-American,42,0,DraftKings,-9.5,43.5
401761624,2025,7,Georgia State,App State,Sun Belt,Sun Belt,20,41,DraftKings,3.0,55.5
401754560,2025,7,Georgia Tech,Virginia Tech,ACC,ACC,35,20,DraftKings,-14.0,55.5
401752736,2025,7,Texas,Oklahoma,SEC,SEC,23,6,DraftKings,-2.5,44.5
401767560,2025,7,East Tennessee State,VMI,Southern,Southern,45,10,ESPN Bet,-16.5,55.5
401767511,2025,7,North Dakota State,Southern Illinois,MVFC,MVFC,45,17,ESPN Bet,-20.0,58.5
401760386,2025,7,UNLV,Air Force,Mountain West,Mountain West,51,48,DraftKings,-7.0,65.5
401754563,2025,7,Oregon State,Wake Forest,Pac-12,ACC,14,39,DraftKings,1.5,47.5
401752866,2025,7,Penn State,Northwestern,Big Ten,Big Ten,21,22,DraftKings,-20.5,46.5
401752870,2025,7,Oregon,Indiana,Big Ten,Big Ten,20,30,DraftKings,-7.0,51.5
401767363,2025,7,Jackson State,Alabama State,SWAC,SWAC,38,34,ESPN Bet,-8.5,56.5
401754562,2025,7,Notre Dame,NC State,FBS Independents,ACC,36,7,DraftKings,-23.5,59.5
401752867,2025,7,Maryland,Nebraska,Big Ten,Big Ten,31,34,DraftKings,7.0,47.5
401756919,2025,7,Kansas State,TCU,Big 12,Big 12,41,28,DraftKings,3.0,54.5
401767287,2025,7,North Alabama,Central Arkansas,UAC,UAC,21,49,ESPN Bet,4.0,59.5
401767165,2025,7,Charleston Southern,Tennessee Tech,Big South-OVC,Big South-OVC,13,27,ESPN Bet,30.5,53.5
401767220,2025,7,Southeast Missouri State,Tennessee State,Big South-OVC,Big South-OVC,28,12,ESPN Bet,-16.5,50.5
401767079,2025,7,Montana,Cal Poly,Big Sky,Big Sky,28,9,ESPN Bet,-17.5,63.5
401767504,2025,7,North Dakota,Youngstown State,MVFC,MVFC,35,17,ESPN Bet,-9.0,63.5
401762484,2025,7,Temple,Navy,American Athletic,American Athletic,31,32,DraftKings,10.0,52.5
401752735,2025,7,Tennessee,Arkansas,SEC,SEC,34,31,DraftKings,-10.0,68.5
401767622,2025,7,San Diego,Drake,Pioneer,Pioneer,16,19,ESPN Bet,-1.5,
401767122,2025,7,Idaho,Northern Colorado,Big Sky,Big Sky,33,49,ESPN Bet,-18.5,47.5
401767251,2025,7,Eastern Kentucky,Austin Peay,UAC,UAC,34,20,ESPN Bet,10.0,46.5
401762482,2025,7,Florida Atlantic,UAB,American Athletic,American Athletic,53,33,DraftKings,-4.5,66.5
401767439,2025,7,Murray State,Illinois State,MVFC,MVFC,32,46,ESPN Bet,23.5,58.5
401767461,2025,7,East Texas A&M,Lamar,Southland,Southland,23,33,ESPN Bet,7.5,53.5
401761623,2025,7,Coastal Carolina,UL Monroe,Sun Belt,Sun Belt,23,8,DraftKings,3.0,46.5
401760391,2025,7,Wyoming,San José State,Mountain West,Mountain West,35,28,DraftKings,1.5,50.5
401752737,2025,7,Texas A&M,Florida,SEC,SEC,34,17,DraftKings,-7.0,47.5
401767418,2025,7,Grambling,Texas Southern,SWAC,SWAC,20,21,ESPN Bet,-3.5,49.5
401752869,2025,7,Wisconsin,Iowa,Big Ten,Big Ten,0,37,DraftKings,5.5,37.5
401767470,2025,7,Houston Christian,Northwestern State,Southland,Southland,20,17,ESPN Bet,-12.5,52.5
401767116,2025,7,UC Davis,Northern Arizona,Big Sky,Big Sky,45,24,ESPN Bet,-7.0,62.5
401754558,2025,7,Boston College,Clemson,ACC,ACC,10,41,DraftKings,14.0,54.5
401756921,2025,7,Texas Tech,Kansas,Big 12,Big 12,42,17,DraftKings,-13.5,58.5
401762485,2025,7,UTSA,Rice,American Athletic,American Athletic,61,13,DraftKings,-8.5,48.5
401752868,2025,7,USC,Michigan,Big Ten,Big Ten,31,13,DraftKings,-3.0,58.5
401752864,2025,7,Minnesota,Purdue,Big Ten,Big Ten,27,20,DraftKings,-7.5,49.5
401752731,2025,7,Auburn,Georgia,SEC,SEC,10,20,ESPN Bet,4.5,45.5
401752732,2025,7,LSU,South Carolina,SEC,SEC,20,10,DraftKings,-8.5,44.5
401761627,2025,7,Texas State,Troy,Sun Belt,Sun Belt,41,48,DraftKings,-7.5,53.5
401756916,2025,7,Arizona,BYU,Big 12,Big 12,27,33,DraftKings,2.5,46.5
401767133,2025,7,Weber State,Sacramento State,Big Sky,Big Sky,27,55,ESPN Bet,8.5,55.5
401767307,2025,7,Utah Tech,Tarleton State,UAC,UAC,23,41,ESPN Bet,28.0,59.5
401760387,2025,7,Boise State,New Mexico,Mountain West,Mountain West,41,25,DraftKings,-14.5,58.5
401756922,2025,7,Utah,Arizona State,Big 12,Big 12,42,10,DraftKings,-9.5,44.5
401760390,2025,7,Nevada,San Diego State,Mountain West,Mountain West,10,44,DraftKings,6.5,42.5
401760389,2025,7,Hawai'i,Utah State,Mountain West,Mountain West,44,26,DraftKings,1.5,57.5
401757282,2025,8,Liberty,New Mexico State,Conference USA,Conference USA,30,27,DraftKings,-10.5,48.5
401761628,2025,8,South Alabama,Arkansas State,Sun Belt,Sun Belt,14,15,DraftKings,-8.5,57.5
401757281,2025,8,Western Kentucky,Florida International,Conference USA,Conference USA,6,25,ESPN Bet,-9.5,55.5
401757284,2025,8,Sam Houston,UTEP,Conference USA,Conference USA,17,35,DraftKings,3.5,46.5
401757283,2025,8,Jacksonville State,Delaware,Conference USA,Conference USA,38,25,DraftKings,3.0,55.5
401762486,2025,8,East Carolina,Tulsa,American Athletic,American Athletic,41,27,DraftKings,-16.5,54.5
401754564,2025,8,Miami,Louisville,ACC,ACC,21,24,DraftKings,-10.5,49.5
401752872,2025,8,Minnesota,Nebraska,Big Ten,Big Ten,24,6,DraftKings,7.0,47.5
401760396,2025,8,Utah State,San José State,Mountain West,Mountain West,30,25,DraftKings,-3.0,63.5
401754371,2025,8,California,North Carolina,ACC,ACC,21,18,DraftKings,-7.5,45.5
401756927,2025,8,TCU,Baylor,Big 12,Big 12,42,36,DraftKings,-3.5,66.5
401767568,2025,8,Wofford,Furman,Southern,Southern,31,13,ESPN Bet,-2.5,41.5
401752873,2025,8,Michigan,Washington,Big Ten,Big Ten,24,7,ESPN Bet,-4.5,50.5
401754569,2025,8,Boston College,UConn,ACC,FBS Independents,23,38,DraftKings,2.5,58.5
401762488,2025,8,Tulane,Army,American Athletic,American Athletic,24,17,DraftKings,-10.0,44.5
401767597,2025,8,Dayton,Butler,Pioneer,Pioneer,17,23,ESPN Bet,-2.5,46.5
401762841,2025,8,Miami (OH),Eastern Michigan,Mid-American,Mid-American,44,30,DraftKings,-12.5,47.5
401754566,2025,8,Duke,Georgia Tech,ACC,ACC,18,27,Bovada,-3.5,60.5
401767704,2025,8,Harvard,Merrimack,Ivy,FCS Independents,31,7,ESPN Bet,-27.5,49.5
401767553,2025,8,Brown,Princeton,Ivy,Ivy,21,40,ESPN Bet,-3.5,51.5
401767773,2025,8,Yale,Stonehill,Ivy,NEC,47,7,ESPN Bet,-21.5,44.5
401767759,2025,8,Long Island University,Robert Morris,NEC,NEC,17,7,ESPN Bet,-9.5,42.5
401762839,2025,8,Bowling Green,Central Michigan,Mid-American,Mid-American,6,27,DraftKings,-3.0,43.5
401752745,2025,8,Vanderbilt,LSU,SEC,SEC,31,24,DraftKings,-1.5,48.5
401756925,2025,8,Houston,Arizona,Big 12,Big 12,31,28,DraftKings,1.5,47.5
401752744,2025,8,South Carolina,Oklahoma,SEC,SEC,7,26,DraftKings,4.5,42.5
401767505,2025,8,Southern Illinois,North Dakota,MVFC,MVFC,19,38,ESPN Bet,3.0,59.5
401767606,2025,8,Drake,Davidson,Pioneer,Pioneer,45,0,ESPN Bet,-33.5,58.5
401767722,2025,8,Georgetown,Colgate,Patriot,Patriot,21,17,ESPN Bet,7.0,55.5
401767197,2025,8,Southeast Missouri State,Eastern Illinois,Big South-OVC,Big South-OVC,42,13,ESPN Bet,-7.5,52.5
401767641,2025,8,Presbyterian,Stetson,Pioneer,Pioneer,42,7,ESPN Bet,-34.5,56.5
401767184,2025,8,Villanova,Hampton,CAA,CAA,56,14,ESPN Bet,-24.5,55.5
401767449,2025,8,Indiana State,North Dakota State,MVFC,MVFC,7,38,ESPN Bet,33.5,56.5
401756928,2025,8,UCF,West Virginia,Big 12,Big 12,45,13,DraftKings,-6.5,46.5
401767440,2025,8,Illinois State,Youngstown State,MVFC,MVFC,35,40,ESPN Bet,-2.0,56.5
401767261,2025,8,Monmouth,Stony Brook,CAA,CAA,49,21,ESPN Bet,-9.0,73.5
401767692,2025,8,Cornell,Bucknell,Ivy,Patriot,30,20,ESPN Bet,-4.0,60.5
401767700,2025,8,Fordham,Dartmouth,Patriot,Ivy,13,30,ESPN Bet,12.5,54.5
401767203,2025,8,Gardner-Webb,UT Martin,Big South-OVC,Big South-OVC,7,37,ESPN Bet,-8.0,55.5
401767581,2025,8,VMI,Samford,Southern,Southern,22,24,ESPN Bet,3.5,53.5
401767683,2025,8,Columbia,Pennsylvania,Ivy,Ivy,21,35,ESPN Bet,7.5,46.5
401767532,2025,8,Chattanooga,East Tennessee State,Southern,Southern,42,38,ESPN Bet,4.5,52.5
401767630,2025,8,Morehead State,Marist,Pioneer,Pioneer,23,21,ESPN Bet,8.5,46.5
401767649,2025,8,St. Thomas (MN),Valparaiso,Pioneer,Pioneer,55,17,ESPN Bet,-27.5,48.5
401767212,2025,8,Lindenwood,Tennessee Tech,Big South-OVC,Big South-OVC,28,52,ESPN Bet,16.5,54.5
401762842,2025,8,Toledo,Kent State,Mid-American,Mid-American,45,10,DraftKings,-25.5,48.5
401767497,2025,8,Murray State,South Dakota State,MVFC,MVFC,14,35,ESPN Bet,37.5,56.5
401767538,2025,8,Northern Iowa,South Dakota,MVFC,MVFC,14,17,ESPN Bet,6.5,46.5
401767728,2025,8,Richmond,Holy Cross,Patriot,Patriot,22,28,ESPN Bet,-5.5,42.5
401762840,2025,8,Massachusetts,Buffalo,Mid-American,Mid-American,21,28,DraftKings,16.5,47.5
401767100,2025,8,Montana,Sacred Heart,Big Sky,FCS Independents,43,21,ESPN Bet,-26.5,57.5
401767383,2025,8,Arkansas-Pine Bluff,Grambling,SWAC,SWAC,16,20,ESPN Bet,8.0,54.5
401752874,2025,8,Northwestern,Purdue,Big Ten,Big Ten,19,0,DraftKings,-3.0,47.5
401761633,2025,8,UL Monroe,Troy,Sun Belt,Sun Belt,14,37,DraftKings,4.5,45.5
401762489,2025,8,Charlotte,Temple,American Athletic,American Athletic,14,49,DraftKings,10.0,47.5
401761629,2025,8,App State,Coastal Carolina,Sun Belt,Sun Belt,37,45,DraftKings,-10.5,48.5
401761631,2025,8,James Madison,Old Dominion,Sun Belt,Sun Belt,63,27,DraftKings,-3.0,47.5
401760393,2025,8,Boise State,UNLV,Mountain West,Mountain West,56,31,DraftKings,-12.5,60.5
401752878,2025,8,Indiana,Michigan State,Big Ten,Big Ten,38,13,DraftKings,-26.5,49.5
401754565,2025,8,Clemson,SMU,ACC,ACC,24,35,DraftKings,-3.5,49.5
401752739,2025,8,Arkansas,Texas A&M,SEC,SEC,42,45,DraftKings,7.5,57.5
401761632,2025,8,Marshall,Texas State,Sun Belt,Sun Belt,40,37,DraftKings,3.0,65.5
401752877,2025,8,Wisconsin,Ohio State,Big Ten,Big Ten,0,34,DraftKings,24.5,41.5
401762491,2025,8,North Texas,UTSA,American Athletic,American Athletic,55,17,DraftKings,-4.0,64.5
401762838,2025,8,Ball State,Akron,Mid-American,Mid-American,42,28,DraftKings,2.5,44.5
401760392,2025,8,Air Force,Wyoming,Mountain West,Mountain West,24,21,DraftKings,-4.0,56.5
401762843,2025,8,Ohio,Northern Illinois,Mid-American,Mid-American,48,21,DraftKings,-10.5,41.5
401767155,2025,8,William & Mary,Elon,CAA,CAA,26,21,ESPN Bet,1.5,53.5
401767321,2025,8,UAlbany,Rhode Island,CAA,CAA,17,58,ESPN Bet,13.5,47.5
401752742,2025,8,Georgia,Ole Miss,SEC,SEC,43,35,DraftKings,-7.5,56.5
401767144,2025,8,Campbell,New Hampshire,CAA,CAA,10,24,ESPN Bet,2.5,52.5
401767166,2025,8,Western Illinois,Charleston Southern,Big South-OVC,Big South-OVC,24,29,ESPN Bet,2.0,55.5
401767373,2025,8,Florida A&M,Alcorn State,SWAC,SWAC,33,28,ESPN Bet,-4.5,45.5
401762487,2025,8,UAB,Memphis,American Athletic,American Athletic,31,24,DraftKings,23.5,59.5
401767485,2025,8,Lamar,UT Rio Grande Valley,Southland,Southland,23,21,ESPN Bet,-3.5,51.5
401756923,2025,8,Arizona State,Texas Tech,Big 12,Big 12,26,22,DraftKings,7.5,52.5
401752741,2025,8,Florida,Mississippi State,SEC,SEC,23,21,DraftKings,-9.5,50.5
401767128,2025,8,Portland State,Weber State,Big Sky,Big Sky,27,43,ESPN Bet,6.0,53.5
401761668,2025,8,Louisiana,Southern Miss,Sun Belt,Sun Belt,10,22,DraftKings,4.5,54.5
401767434,2025,8,Southern,Prairie View A&M,SWAC,SWAC,3,24,ESPN Bet,8.5,46.5
401767521,2025,8,SE Louisiana,Northwestern State,Southland,Southland,49,0,ESPN Bet,-31.0,53.5
401767227,2025,8,Tennessee State,Howard,Big South-OVC,MEAC,24,7,ESPN Bet,2.0,41.5
401767462,2025,8,Incarnate Word,East Texas A&M,Southland,Southland,45,52,ESPN Bet,-18.5,56.5
401767753,2025,8,Mercyhurst,Duquesne,NEC,NEC,0,37,ESPN Bet,3.0,51.5
401752876,2025,8,Rutgers,Oregon,Big Ten,Big Ten,10,56,DraftKings,17.5,62.5
401752951,2025,8,Virginia,Washington State,ACC,Pac-12,22,20,DraftKings,-16.5,56.5
401767517,2025,8,Stephen F. Austin,Nicholls,Southland,Southland,34,7,ESPN Bet,-13.5,47.5
401767280,2025,8,North Alabama,Eastern Kentucky,UAC,UAC,35,14,ESPN Bet,11.5,51.5
401752875,2025,8,Iowa,Penn State,Big Ten,Big Ten,25,24,ESPN Bet,-3.5,41.5
401760394,2025,8,Colorado State,Hawai'i,Mountain West,Mountain West,19,31,DraftKings,-2.5,53.5
401752879,2025,8,UCLA,Maryland,Big Ten,Big Ten,20,17,Bovada,-3.5,52.5
401767471,2025,8,McNeese,Houston Christian,Southland,Southland,27,0,ESPN Bet,-6.5,49.5
401767092,2025,8,Eastern Washington,Idaho,Big Sky,Big Sky,21,14,ESPN Bet,7.5,59.5
401752743,2025,8,Kentucky,Texas,SEC,SEC,13,16,DraftKings,12.5,45.5
401761630,2025,8,Georgia Southern,Georgia State,Sun Belt,Sun Belt,41,24,DraftKings,-6.5,58.5
401767301,2025,8,Tarleton State,West Georgia,UAC,UAC,45,10,ESPN Bet,-20.0,56.5
401752871,2025,8,Notre Dame,USC,FBS Independents,Big Ten,34,24,DraftKings,-10.5,60.5
401752738,2025,8,Alabama,Tennessee,SEC,SEC,37,20,ESPN Bet,-8.5,60.5
401762490,2025,8,South Florida,Florida Atlantic,American Athletic,American Athletic,48,13,DraftKings,-20.5,72.5
401754568,2025,8,Syracuse,Pittsburgh,ACC,ACC,13,30,DraftKings,9.5,54.5
401752740,2025,8,Auburn,Missouri,SEC,SEC,17,23,DraftKings,1.5,43.5
401756926,2025,8,Oklahoma State,Cincinnati,Big 12,Big 12,17,49,DraftKings,23.5,57.5
401756924,2025,8,BYU,Utah,Big 12,Big 12,24,21,DraftKings,4.0,49.5
401767243,2025,8,Southern Utah,Abilene Christian,UAC,UAC,31,24,ESPN Bet,3.0,62.5
401767123,2025,8,Sacramento State,Northern Colorado,Big Sky,Big Sky,40,35,ESPN Bet,-15.0,54.5
401760395,2025,8,New Mexico,Nevada,Mountain West,Mountain West,24,22,DraftKings,-14.0,49.5
401752941,2025,8,Oregon State,Lafayette,Pac-12,Patriot,45,13,Bovada,-21.0,56.5
401754567,2025,8,Stanford,Florida State,ACC,ACC,20,13,DraftKings,17.5,55.5
401757285,2025,9,Florida International,Kennesaw State,Conference USA,Conference USA,26,45,DraftKings,3.0,48.5
401757286,2025,9,Louisiana Tech,Western Kentucky,Conference USA,Conference USA,27,28,DraftKings,-5.5,49.5
401757287,2025,9,Delaware,Middle Tennessee,Conference USA,Conference USA,31,28,ESPN Bet,-9.5,55.5
401757288,2025,9,New Mexico State,Missouri State,Conference USA,Conference USA,17,24,ESPN Bet,2.5,51.5
401761634,2025,9,Georgia State,South Alabama,Sun Belt,Sun Belt,31,38,ESPN Bet,5.5,54.5
401767701,2025,9,Dartmouth,Columbia,Ivy,Ivy,49,3,ESPN Bet,-12.5,46.5
401762492,2025,9,Charlotte,North Texas,American Athletic,American Athletic,20,54,ESPN Bet,25.5,60.5
401754372,2025,9,Virginia Tech,California,ACC,ACC,42,34,ESPN Bet,-6.5,50.5
401760397,2025,9,Nevada,Boise State,Mountain West,Mountain West,3,24,ESPN Bet,20.5,51.5
401767101,2025,9,Sacramento State,Montana,Big Sky,Big Sky,35,49,ESPN Bet,6.0,61.5
401767774,2025,9,Mercyhurst,Stonehill,NEC,NEC,15,22,ESPN Bet,-7.5,44.5
401752883,2025,9,Nebraska,Northwestern,Big Ten,Big Ten,28,21,ESPN Bet,-7.5,44.5
401767623,2025,9,Marist,Drake,Pioneer,Pioneer,17,31,ESPN Bet,12.5,47.5
401779510,2025,9,Long Island University,New Haven,NEC,NEC,38,16,ESPN Bet,-10.0,46.5
401761635,2025,9,Old Dominion,App State,Sun Belt,Sun Belt,24,21,ESPN Bet,-12.5,60.5
401754573,2025,9,North Carolina,Virginia,ACC,ACC,16,17,ESPN Bet,12.5,51.5
401762848,2025,9,Eastern Michigan,Ohio,Mid-American,Mid-American,21,28,DraftKings,11.5,60.5
401752885,2025,9,Indiana,UCLA,Big Ten,Big Ten,56,6,DraftKings,-26.5,53.5
401762846,2025,9,Kent State,Bowling Green,Mid-American,Mid-American,24,21,DraftKings,7.5,47.5
401788997,2025,9,Yale,Pennsylvania,Ivy,Ivy,35,13,ESPN Bet,-6.5,53.5
401754571,2025,9,Georgia Tech,Syracuse,ACC,ACC,41,16,ESPN Bet,-17.5,53.5
401767617,2025,9,Dayton,Presbyterian,Pioneer,Pioneer,35,19,ESPN Bet,8.5,50.5
401767754,2025,9,Wagner,Duquesne,NEC,NEC,24,13,ESPN Bet,23.5,47.5
401767705,2025,9,Princeton,Harvard,Ivy,Ivy,14,35,ESPN Bet,17.5,53.5
401767668,2025,9,Bucknell,Georgetown,Patriot,Patriot,24,31,ESPN Bet,-1.5,57.5
401756932,2025,9,Kansas,Kansas State,Big 12,Big 12,17,42,DraftKings,-3.5,55.5
401767607,2025,9,Davidson,San Diego,Pioneer,Pioneer,28,40,ESPN Bet,28.5,56.5
401752750,2025,9,Oklahoma,Ole Miss,SEC,SEC,26,34,DraftKings,-5.5,52.5
401752942,2025,9,Wake Forest,SMU,ACC,ACC,13,12,ESPN Bet,5.5,52.5
401762494,2025,9,Memphis,South Florida,American Athletic,American Athletic,34,31,DraftKings,3.5,58.5
401752884,2025,9,Purdue,Rutgers,Big Ten,Big Ten,24,27,ESPN Bet,-2.5,60.5
401752746,2025,9,Arkansas,Auburn,SEC,SEC,24,33,ESPN Bet,-2.5,55.5
401767554,2025,9,Cornell,Brown,Ivy,Ivy,30,24,ESPN Bet,2.5,50.5
401762844,2025,9,Buffalo,Akron,Mid-American,Mid-American,16,24,DraftKings,-10.0,48.5
401767035,2025,9,Rhode Island,Bryant,CAA,CAA,38,17,ESPN Bet,-18.5,
401767145,2025,9,North Carolina A&T,Campbell,CAA,CAA,28,24,ESPN Bet,3.0,55.5
401767176,2025,9,Maine,Elon,CAA,CAA,35,14,ESPN Bet,4.5,49.5
401767729,2025,9,Holy Cross,Colgate,Patriot,Patriot,28,29,ESPN Bet,-3.0,51.5
401767271,2025,9,New Hampshire,William & Mary,CAA,CAA,34,24,ESPN Bet,-1.5,48.5
401767638,2025,9,Valparaiso,Morehead State,Pioneer,Pioneer,13,17,ESPN Bet,6.5,48.5
401767675,2025,9,Fordham,Lehigh,Patriot,Patriot,6,27,ESPN Bet,24.5,51.5
401767345,2025,9,North Carolina Central,Delaware State,MEAC,MEAC,26,35,ESPN Bet,-18.0,63.5
401767650,2025,9,Stetson,St. Thomas (MN),Pioneer,Pioneer,10,52,ESPN Bet,25.5,54.5
401767221,2025,9,Tennessee Tech,Southeast Missouri State,Big South-OVC,Big South-OVC,42,23,ESPN Bet,-21.5,60.5
401767185,2025,9,Hampton,Monmouth,CAA,CAA,10,28,ESPN Bet,25.0,68.5
401767408,2025,9,Norfolk State,South Carolina State,MEAC,MEAC,20,51,ESPN Bet,14.5,53.5
401767569,2025,9,Furman,The Citadel,Southern,Southern,24,14,ESPN Bet,-2.5,47.5
401767441,2025,9,South Dakota,Illinois State,MVFC,MVFC,13,21,ESPN Bet,-3.5,54.5
401767167,2025,9,Charleston Southern,Eastern Illinois,Big South-OVC,Big South-OVC,17,16,ESPN Bet,-3.0,46.5
401767498,2025,9,Youngstown State,Murray State,MVFC,MVFC,51,17,ESPN Bet,-24.5,
401767302,2025,9,West Georgia,Central Arkansas,UAC,UAC,18,17,ESPN Bet,-5.5,53.5
401767228,2025,9,Tennessee State,Western Illinois,Big South-OVC,Big South-OVC,16,17,ESPN Bet,-3.0,54.5
401757172,2025,9,Rice,UConn,American Athletic,FBS Independents,37,34,DraftKings,10.5,48.5
401767384,2025,9,Bethune-Cookman,Arkansas-Pine Bluff,SWAC,SWAC,31,14,ESPN Bet,-13.5,56.5
401767374,2025,9,Alcorn State,Mississippi Valley State,SWAC,SWAC,32,10,ESPN Bet,-10.5,50.5
401767486,2025,9,Northwestern State,Lamar,Southland,Southland,14,41,ESPN Bet,24.5,47.5
401760400,2025,9,New Mexico,Utah State,Mountain West,Mountain West,33,14,DraftKings,-3.0,61.5
401767124,2025,9,Northern Colorado,UC Davis,Big Sky,Big Sky,16,27,ESPN Bet,8.5,57.5
401767281,2025,9,Eastern Kentucky,Tarleton State,UAC,UAC,7,31,ESPN Bet,24.0,58.5
401767204,2025,9,Lindenwood,Gardner-Webb,Big South-OVC,Big South-OVC,20,48,ESPN Bet,1.5,57.5
401767065,2025,9,Weber State,Eastern Washington,Big Sky,Big Sky,20,23,ESPN Bet,1.5,57.5
401767472,2025,9,Houston Christian,SE Louisiana,Southland,Southland,14,38,ESPN Bet,21.5,52.5
401767764,2025,9,St. Francis (PA),Robert Morris,NEC,NEC,14,24,ESPN Bet,2.5,39.5
401767577,2025,9,Mercer,VMI,Southern,Southern,62,0,ESPN Bet,-27.5,51.5
401767539,2025,9,Southern Illinois,Northern Iowa,MVFC,MVFC,31,17,ESPN Bet,-15.0,50.5
401762847,2025,9,Central Michigan,Massachusetts,Mid-American,Mid-American,38,13,DraftKings,-16.5,46.5
401767561,2025,9,East Tennessee State,Wofford,Southern,Southern,14,10,ESPN Bet,-9.0,50.5
401767334,2025,9,Villanova,UAlbany,CAA,CAA,29,16,ESPN Bet,-31.5,51.5
401762493,2025,9,Navy,Florida Atlantic,American Athletic,American Athletic,42,32,DraftKings,-14.5,63.5
401767314,2025,9,Alabama A&M,Alabama State,SWAC,SWAC,13,56,ESPN Bet,14.0,61.5
401760399,2025,9,Fresno State,San Diego State,Mountain West,Mountain West,0,23,DraftKings,3.0,46.5
401752882,2025,9,Iowa,Minnesota,Big Ten,Big Ten,41,3,ESPN Bet,-7.5,39.5
401752952,2025,9,Washington State,Toledo,Pac-12,Mid-American,28,7,DraftKings,1.5,44.5
401767533,2025,9,Samford,Chattanooga,Southern,Southern,13,49,ESPN Bet,10.0,54.5
401754574,2025,9,Pittsburgh,NC State,ACC,ACC,53,34,ESPN Bet,-5.5,52.5
401761637,2025,9,Southern Miss,UL Monroe,Sun Belt,Sun Belt,49,21,DraftKings,-14.0,48.5
401767354,2025,9,Howard,Morgan State,MEAC,MEAC,33,27,ESPN Bet,1.0,44.5
401752752,2025,9,Vanderbilt,Missouri,SEC,SEC,17,10,DraftKings,-3.0,52.5
401756931,2025,9,Iowa State,BYU,Big 12,Big 12,27,41,DraftKings,-2.5,48.5
401752751,2025,9,South Carolina,Alabama,SEC,SEC,22,29,DraftKings,11.5,47.5
401767325,2025,9,Stony Brook,Towson,CAA,CAA,27,19,ESPN Bet,-3.0,52.5
401762874,2025,9,Miami (OH),Western Michigan,Mid-American,Mid-American,26,17,DraftKings,-2.5,40.5
401762495,2025,9,Tulsa,Temple,American Athletic,American Athletic,37,38,DraftKings,4.5,52.5
401762845,2025,9,Northern Illinois,Ball State,Mid-American,Mid-American,21,7,DraftKings,-6.5,41.5
401752880,2025,9,Washington,Illinois,Big Ten,Big Ten,42,25,DraftKings,-3.5,54.5
401756930,2025,9,Cincinnati,Baylor,Big 12,Big 12,41,20,DraftKings,-3.5,68.5
401767093,2025,9,Idaho,Portland State,Big Sky,Big Sky,45,6,ESPN Bet,-21.5,55.5
401756933,2025,9,Texas Tech,Oklahoma State,Big 12,Big 12,42,0,DraftKings,-37.5,56.5
401767450,2025,9,North Dakota,Indiana State,MVFC,MVFC,46,17,ESPN Bet,-30.0,55.5
401767252,2025,9,Austin Peay,North Alabama,UAC,UAC,56,28,ESPN Bet,-19.5,57.5
401767493,2025,9,Nicholls,McNeese,Southland,Southland,31,7,ESPN Bet,-5.5,43.5
401752749,2025,9,Mississippi State,Texas,SEC,SEC,38,45,DraftKings,8.5,48.5
401767456,2025,9,Southern,Florida A&M,SWAC,SWAC,35,43,ESPN Bet,3.0,48.5
401767085,2025,9,Idaho State,Northern Arizona,Big Sky,Big Sky,18,31,ESPN Bet,3.0,62.5
401756935,2025,9,West Virginia,TCU,Big 12,Big 12,17,23,DraftKings,16.5,55.5
401767419,2025,9,Grambling,Jackson State,SWAC,SWAC,26,24,ESPN Bet,21.0,56.5
401761638,2025,9,Troy,Louisiana,Sun Belt,Sun Belt,35,23,DraftKings,-7.0,47.5
401754572,2025,9,Miami,Stanford,ACC,ACC,42,7,DraftKings,-28.5,45.5
401761636,2025,9,Arkansas State,Georgia Southern,Sun Belt,Sun Belt,34,24,DraftKings,1.5,59.5
401767463,2025,9,East Texas A&M,Stephen F. Austin,Southland,Southland,21,31,ESPN Bet,14.0,59.5
401752886,2025,9,Oregon,Wisconsin,Big Ten,Big Ten,21,7,DraftKings,-31.5,44.5
401752881,2025,9,Michigan State,Michigan,Big Ten,Big Ten,20,31,DraftKings,13.5,47.5
401754570,2025,9,Louisville,Boston College,ACC,ACC,38,24,DraftKings,-25.5,54.5
401752748,2025,9,LSU,Texas A&M,SEC,SEC,25,49,DraftKings,1.5,50.5
401760398,2025,9,Wyoming,Colorado State,Mountain West,Mountain West,28,0,DraftKings,-5.5,46.5
401752747,2025,9,Kentucky,Tennessee,SEC,SEC,34,56,DraftKings,7.5,55.5
401767075,2025,9,Cal Poly,Montana State,Big Sky,Big Sky,17,34,ESPN Bet,21.5,55.5
401767295,2025,9,Utah Tech,Southern Utah,UAC,UAC,7,28,ESPN Bet,9.5,59.5
401767512,2025,9,South Dakota State,North Dakota State,MVFC,MVFC,7,38,ESPN Bet,9.0,45.5
401756929,2025,9,Arizona State,Houston,Big 12,Big 12,16,24,DraftKings,-7.0,46.5
401767478,2025,9,UT Rio Grande Valley,Incarnate Word,Southland,Southland,56,28,ESPN Bet,4.5,54.5
401756934,2025,9,Utah,Colorado,Big 12,Big 12,53,7,ESPN Bet,-14.5,50.5
401761639,2025,10,Texas State,James Madison,Sun Belt,Sun Belt,20,52,ESPN Bet,7.5,55.5
401757289,2025,10,Kennesaw State,UTEP,Conference USA,Conference USA,33,20,ESPN Bet,-12.5,53.5
401757292,2025,10,Middle Tennessee,Jacksonville State,Conference USA,Conference USA,21,24,Bovada,4.5,54.0
401757291,2025,10,Missouri State,Florida International,Conference USA,Conference USA,28,21,Bovada,-3.0,50.0
401767346,2025,10,Delaware State,Norfolk State,MEAC,MEAC,27,20,ESPN Bet,-17.5,57.5
401762443,2025,10,UTSA,Tulane,American Athletic,American Athletic,48,26,ESPN Bet,5.5,54.5
401761640,2025,10,Coastal Carolina,Marshall,Sun Belt,Sun Belt,44,27,ESPN Bet,7.5,55.5
401762497,2025,10,Rice,Memphis,American Athletic,American Athletic,14,38,ESPN Bet,13.5,48.5
401767555,2025,10,Pennsylvania,Brown,Ivy,Ivy,28,21,ESPN Bet,-11.5,50.5
401754575,2025,10,Syracuse,North Carolina,ACC,ACC,10,27,DraftKings,-1.5,45.5
401757290,2025,10,Louisiana Tech,Sam Houston,Conference USA,Conference USA,55,14,Bovada,-16.5,48.0
401767094,2025,10,Northern Arizona,Idaho,Big Sky,Big Sky,32,35,ESPN Bet,-5.5,52.5
401762499,2025,10,North Texas,Navy,American Athletic,American Athletic,31,17,DraftKings,-6.5,68.5
401756938,2025,10,Houston,West Virginia,Big 12,Big 12,35,45,DraftKings,-13.5,48.5
401756936,2025,10,Baylor,UCF,Big 12,Big 12,30,3,DraftKings,-3.0,58.5
401767723,2025,10,Lehigh,Georgetown,Patriot,Patriot,41,0,ESPN Bet,-24.0,47.5
401762849,2025,10,Bowling Green,Buffalo,Mid-American,Mid-American,3,28,DraftKings,-2.5,44.5
401752758,2025,10,Texas,Vanderbilt,SEC,SEC,34,31,DraftKings,-3.5,48.5
401752889,2025,10,Ohio State,Penn State,Big Ten,Big Ten,38,14,DraftKings,-17.5,45.5
401760401,2025,10,Air Force,Army,Mountain West,American Athletic,17,20,DraftKings,1.5,48.5
401754577,2025,10,Clemson,Duke,ACC,ACC,45,46,ESPN Bet,-4.5,55.5
401757173,2025,10,UConn,UAB,FBS Independents,American Athletic,38,19,DraftKings,-10.0,61.5
401752891,2025,10,Illinois,Rutgers,Big Ten,Big Ten,35,13,DraftKings,-13.5,63.5
401767661,2025,10,Sacred Heart,New Haven,FCS Independents,NEC,35,20,ESPN Bet,-15.5,49.5
401754581,2025,10,SMU,Miami,ACC,ACC,26,20,DraftKings,8.5,50.5
401767768,2025,10,St. Francis (PA),Wagner,NEC,NEC,20,23,ESPN Bet,6.5,37.5
401767746,2025,10,Central Connecticut,Long Island University,NEC,NEC,10,7,ESPN Bet,-5.5,42.5
401767685,2025,10,Yale,Columbia,Ivy,Ivy,24,10,ESPN Bet,-21.5,46.5
401767275,2025,10,North Carolina A&T,Towson,CAA,CAA,9,62,ESPN Bet,7.5,49.5
401756939,2025,10,Iowa State,Arizona State,Big 12,Big 12,19,24,DraftKings,-7.5,48.5
401767765,2025,10,Stonehill,Robert Morris,NEC,NEC,17,20,ESPN Bet,-6.5,40.5
401767136,2025,10,Bryant,Monmouth,CAA,CAA,7,35,ESPN Bet,14.0,59.5
401767598,2025,10,Butler,Drake,Pioneer,Pioneer,19,24,ESPN Bet,6.5,47.5
401767193,2025,10,Maine,Stony Brook,CAA,CAA,28,21,ESPN Bet,-1.0,46.5
401767205,2025,10,Tennessee Tech,Gardner-Webb,Big South-OVC,Big South-OVC,27,21,ESPN Bet,-19.0,62.5
401767693,2025,10,Cornell,Princeton,Ivy,Ivy,20,17,ESPN Bet,3.5,50.5
401767730,2025,10,Holy Cross,Lafayette,Patriot,Patriot,13,21,ESPN Bet,3.0,49.5
401769068,2025,10,Colgate,Merrimack,Patriot,FCS Independents,23,20,ESPN Bet,-7.0,47.5
401767642,2025,10,Presbyterian,Valparaiso,Pioneer,Pioneer,43,14,ESPN Bet,-31.5,51.5
401767608,2025,10,Morehead State,Davidson,Pioneer,Pioneer,28,24,ESPN Bet,-10.5,58.5
401767582,2025,10,Wofford,Samford,Southern,Southern,26,16,ESPN Bet,-12.5,47.5
401767109,2025,10,Northern Colorado,Montana State,Big Sky,Big Sky,7,55,ESPN Bet,23.5,52.5
401767631,2025,10,St. Thomas (MN),Marist,Pioneer,Pioneer,45,0,ESPN Bet,-14.0,50.5
401767716,2025,10,Richmond,Fordham,Patriot,Patriot,17,14,ESPN Bet,-13.5,48.5
401767506,2025,10,South Dakota,North Dakota,MVFC,MVFC,26,21,ESPN Bet,13.5,51.5
401767570,2025,10,Furman,Mercer,Southern,Southern,28,52,ESPN Bet,15.5,52.5
401767401,2025,10,South Carolina State,Morgan State,MEAC,MEAC,36,30,ESPN Bet,-11.5,53.5
401767168,2025,10,Southeast Missouri State,Charleston Southern,Big South-OVC,Big South-OVC,17,23,ESPN Bet,-10.5,50.5
401762498,2025,10,Temple,East Carolina,American Athletic,American Athletic,14,45,DraftKings,5.5,58.5
401767585,2025,10,The Citadel,VMI,Southern,Southern,35,24,ESPN Bet,-14.0,48.5
401767391,2025,10,Bethune-Cookman,Mississippi Valley State,SWAC,SWAC,42,34,ESPN Bet,-22.0,58.5
401767385,2025,10,Arkansas-Pine Bluff,Southern,SWAC,SWAC,40,21,ESPN Bet,1.0,52.5
401767198,2025,10,Eastern Illinois,UT Martin,Big South-OVC,Big South-OVC,20,27,ESPN Bet,4.5,50.5
401767102,2025,10,Weber State,Montana,Big Sky,Big Sky,17,38,ESPN Bet,19.5,61.5
401767442,2025,10,Illinois State,Northern Iowa,MVFC,MVFC,31,16,ESPN Bet,-12.5,49.5
401767375,2025,10,Texas Southern,Alcorn State,SWAC,SWAC,14,33,ESPN Bet,-6.5,47.5
401767451,2025,10,South Dakota State,Indiana State,MVFC,MVFC,12,24,ESPN Bet,-31.0,53.5
401767702,2025,10,Harvard,Dartmouth,Ivy,Ivy,31,10,ESPN Bet,-11.5,48.5
401767479,2025,10,Incarnate Word,Lamar,Southland,Southland,24,17,ESPN Bet,-2.5,52.5
401767364,2025,10,Prairie View A&M,Alabama State,SWAC,SWAC,28,31,ESPN Bet,10.5,52.5
401767315,2025,10,Grambling,Alabama A&M,SWAC,SWAC,13,10,ESPN Bet,-3.5,56.5
401760404,2025,10,UNLV,New Mexico,Mountain West,Mountain West,35,40,DraftKings,-3.5,61.5
401754580,2025,10,Virginia Tech,Louisville,ACC,ACC,16,28,DraftKings,10.5,52.5
401756941,2025,10,Kansas State,Texas Tech,Big 12,Big 12,20,43,ESPN Bet,7.5,51.5
401757293,2025,10,Liberty,Delaware,Conference USA,Conference USA,59,30,DraftKings,-3.5,52.5
401767355,2025,10,Howard,North Carolina Central,MEAC,MEAC,14,35,ESPN Bet,15.0,51.5
401752887,2025,10,Maryland,Indiana,Big Ten,Big Ten,10,55,DraftKings,21.0,50.5
401767513,2025,10,North Dakota State,Youngstown State,MVFC,MVFC,38,30,ESPN Bet,-26.5,60.5
401760402,2025,10,Boise State,Fresno State,Mountain West,Mountain West,7,30,DraftKings,-17.5,47.5
401752755,2025,10,Florida,Georgia,SEC,SEC,20,24,DraftKings,7.0,50.5
401757294,2025,10,Western Kentucky,New Mexico State,Conference USA,Conference USA,35,16,DraftKings,-7.5,53.5
401752888,2025,10,Minnesota,Michigan State,Big Ten,Big Ten,23,20,DraftKings,-4.5,44.5
401754583,2025,10,Boston College,Notre Dame,ACC,FBS Independents,10,25,DraftKings,31.5,55.5
401767335,2025,10,William & Mary,UAlbany,CAA,CAA,37,7,ESPN Bet,-19.0,50.5
401761642,2025,10,South Alabama,Louisiana,Sun Belt,Sun Belt,22,31,DraftKings,-3.5,52.5
401761641,2025,10,UL Monroe,Old Dominion,Sun Belt,Sun Belt,6,31,DraftKings,16.5,55.5
401754582,2025,10,Stanford,Pittsburgh,ACC,ACC,20,35,DraftKings,13.5,51.5
401754576,2025,10,California,Virginia,ACC,ACC,21,31,DraftKings,6.5,52.5
401767473,2025,10,Nicholls,Houston Christian,Southland,Southland,31,7,ESPN Bet,-11.5,41.5
401767066,2025,10,Eastern Washington,Sacramento State,Big Sky,Big Sky,13,35,ESPN Bet,8.5,59.5
401752753,2025,10,Arkansas,Mississippi State,SEC,SEC,35,38,DraftKings,-5.5,66.5
401767244,2025,10,Abilene Christian,Tarleton State,UAC,UAC,31,28,ESPN Bet,13.5,60.5
401767086,2025,10,UC Davis,Idaho State,Big Sky,Big Sky,36,38,ESPN Bet,-11.5,64.5
401767618,2025,10,San Diego,Dayton,Pioneer,Pioneer,31,13,ESPN Bet,-3.5,48.5
401756940,2025,10,Kansas,Oklahoma State,Big 12,Big 12,38,21,DraftKings,-24.5,54.5
401762850,2025,10,Western Michigan,Central Michigan,Mid-American,Mid-American,24,21,DraftKings,-6.0,43.5
401767288,2025,10,Utah Tech,North Alabama,UAC,UAC,34,33,ESPN Bet,-3.5,54.5
401767534,2025,10,Chattanooga,Western Carolina,Southern,Southern,28,35,ESPN Bet,3.5,62.5
401767213,2025,10,Tennessee State,Lindenwood,Big South-OVC,Big South-OVC,13,35,ESPN Bet,3.5,47.5
401767076,2025,10,Cal Poly,Portland State,Big Sky,Big Sky,35,40,ESPN Bet,-18.0,54.5
401767499,2025,10,Murray State,Southern Illinois,MVFC,MVFC,7,27,ESPN Bet,24.5,58.5
401767282,2025,10,Central Arkansas,Eastern Kentucky,UAC,UAC,13,34,ESPN Bet,-6.5,52.5
401756937,2025,10,Colorado,Arizona,Big 12,Big 12,17,52,DraftKings,4.0,52.5
401767494,2025,10,McNeese,Northwestern State,Southland,Southland,50,3,ESPN Bet,-16.5,48.5
401767464,2025,10,SE Louisiana,East Texas A&M,Southland,Southland,59,14,ESPN Bet,-17.5,55.5
401767525,2025,10,Stephen F. Austin,UT Rio Grande Valley,Southland,Southland,41,17,ESPN Bet,-10.0,55.5
401752756,2025,10,Ole Miss,South Carolina,SEC,SEC,30,14,DraftKings,-12.5,55.5
401767423,2025,10,Florida A&M,Jackson State,SWAC,SWAC,16,41,ESPN Bet,17.0,53.5
401752890,2025,10,Michigan,Purdue,Big Ten,Big Ten,21,16,DraftKings,-21.0,48.5
401760405,2025,10,San Diego State,Wyoming,Mountain West,Mountain West,24,7,DraftKings,-10.0,42.5
401752943,2025,10,Oregon State,Washington State,Pac-12,Pac-12,10,7,DraftKings,3.5,47.5
401752754,2025,10,Auburn,Kentucky,SEC,SEC,3,10,DraftKings,-11.5,44.5
401754578,2025,10,Florida State,Wake Forest,ACC,ACC,42,7,DraftKings,-12.5,50.5
401752892,2025,10,Nebraska,USC,Big Ten,Big Ten,17,21,DraftKings,4.5,59.5
401752757,2025,10,Tennessee,Oklahoma,SEC,SEC,27,33,DraftKings,-3.0,55.5
401754579,2025,10,NC State,Georgia Tech,ACC,ACC,48,36,DraftKings,4.5,58.5
401761643,2025,10,Troy,Arkansas State,Sun Belt,Sun Belt,10,23,DraftKings,-7.5,52.5
401767253,2025,10,Southern Utah,Austin Peay,UAC,UAC,33,17,ESPN Bet,1.5,61.5
401756942,2025,10,Utah,Cincinnati,Big 12,Big 12,45,14,DraftKings,-11.5,57.5
401760403,2025,10,San José State,Hawai'i,Mountain West,Mountain West,45,38,DraftKings,-2.5,55.5
401762851,2025,11,Akron,Massachusetts,Mid-American,Mid-American,44,10,DraftKings,-12.5,51.5
401762852,2025,11,Ohio,Miami (OH),Mid-American,Mid-American,24,20,ESPN Bet,-2.5,50.5
401762853,2025,11,Ball State,Kent State,Mid-American,Mid-American,17,13,DraftKings,-3.0,48.5
401762854,2025,11,Toledo,Northern Illinois,Mid-American,Mid-American,42,3,DraftKings,-14.5,42.5
401761644,2025,11,App State,Georgia Southern,Sun Belt,Sun Belt,23,25,DraftKings,-4.5,62.5
401762500,2025,11,South Florida,UTSA,American Athletic,American Athletic,55,23,DraftKings,-14.0,66.5
401767706,2025,11,Columbia,Harvard,Ivy,Ivy,14,31,ESPN Bet,29.5,48.5
401767347,2025,11,Morgan State,Delaware State,MEAC,MEAC,12,14,ESPN Bet,3.5,54.5
401756946,2025,11,UCF,Houston,Big 12,Big 12,27,30,ESPN Bet,-1.5,47.5
401752896,2025,11,USC,Northwestern,Big Ten,Big Ten,38,17,DraftKings,-14.5,54.5
401762501,2025,11,Memphis,Tulane,American Athletic,American Athletic,32,38,DraftKings,-3.0,53.5
401767676,2025,11,Brown,Yale,Ivy,Ivy,22,34,ESPN Bet,13.5,50.5
401761647,2025,11,Arkansas State,Southern Miss,Sun Belt,Sun Belt,21,27,DraftKings,6.5,54.5
401754584,2025,11,Boston College,SMU,ACC,ACC,13,45,ESPN Bet,10.5,54.5
401762503,2025,11,Army,Temple,American Athletic,American Athletic,14,13,ESPN Bet,-7.5,45.5
401761646,2025,11,Marshall,James Madison,Sun Belt,Sun Belt,23,35,DraftKings,13.5,53.5
401756945,2025,11,Texas Tech,BYU,Big 12,Big 12,29,7,DraftKings,-13.5,50.5
401752893,2025,11,Penn State,Indiana,Big Ten,Big Ten,24,27,ESPN Bet,13.5,50.5
401767262,2025,11,Monmouth,New Hampshire,CAA,CAA,13,34,ESPN Bet,-12.5,61.5
401767755,2025,11,Long Island University,Duquesne,NEC,NEC,29,11,ESPN Bet,7.0,43.5
401767535,2025,11,Chattanooga,Furman,Southern,Southern,45,28,ESPN Bet,-6.0,51.5
401756947,2025,11,West Virginia,Colorado,Big 12,Big 12,29,22,ESPN Bet,-6.5,51.5
401767731,2025,11,Lehigh,Holy Cross,Patriot,Patriot,38,3,ESPN Bet,-20.0,45.5
401767747,2025,11,Central Connecticut,Stonehill,NEC,NEC,40,10,ESPN Bet,-10.0,41.5
401767769,2025,11,St. Francis (PA),Mercyhurst,NEC,NEC,15,16,ESPN Bet,10.0,43.5
401767316,2025,11,Stony Brook,North Carolina A&T,CAA,CAA,38,12,ESPN Bet,-18.5,53.5
401767766,2025,11,Robert Morris,Wagner,NEC,NEC,20,24,ESPN Bet,-2.5,37.5
401752762,2025,11,Mississippi State,Georgia,SEC,SEC,21,41,DraftKings,9.5,56.5
401769849,2025,11,Lafayette,Colgate,Patriot,Patriot,59,42,ESPN Bet,-6.5,58.5
401767186,2025,11,Hampton,Maine,CAA,CAA,7,35,ESPN Bet,14.5,50.5
401767646,2025,11,Valparaiso,San Diego,Pioneer,Pioneer,27,43,ESPN Bet,23.5,48.5
401752761,2025,11,Ole Miss,The Citadel,SEC,Southern,49,0,DraftKings,-51.5,63.5
401762855,2025,11,Eastern Michigan,Bowling Green,Mid-American,Mid-American,27,21,DraftKings,-3.0,49.5
401767694,2025,11,Pennsylvania,Cornell,Ivy,Ivy,17,39,ESPN Bet,-8.0,50.5
401757299,2025,11,Liberty,Missouri State,Conference USA,Conference USA,17,21,DraftKings,-7.5,51.5
401767330,2025,11,Towson,Villanova,CAA,CAA,10,28,ESPN Bet,3.5,51.5
401767199,2025,11,Eastern Illinois,Tennessee Tech,Big South-OVC,Big South-OVC,9,21,ESPN Bet,24.5,52.5
401767609,2025,11,Davidson,Presbyterian,Pioneer,Pioneer,14,13,ESPN Bet,22.5,57.5
401767632,2025,11,Marist,Stetson,Pioneer,Pioneer,41,13,ESPN Bet,-12.5,47.5
401767703,2025,11,Dartmouth,Princeton,Ivy,Ivy,20,17,ESPN Bet,-10.5,49.5
401767624,2025,11,Drake,St. Thomas (MN),Pioneer,Pioneer,13,20,ESPN Bet,-2.5,47.5
401767724,2025,11,Georgetown,Richmond,Patriot,Patriot,24,31,ESPN Bet,5.5,45.5
401767443,2025,11,Indiana State,Illinois State,MVFC,MVFC,20,52,ESPN Bet,10.5,58.5
401767669,2025,11,Fordham,Bucknell,Patriot,Patriot,19,37,ESPN Bet,-3.5,56.5
401767599,2025,11,Morehead State,Butler,Pioneer,Pioneer,31,30,ESPN Bet,12.5,47.5
401767137,2025,11,UAlbany,Bryant,CAA,CAA,24,27,ESPN Bet,3.5,44.5
401752897,2025,11,Purdue,Ohio State,Big Ten,Big Ten,10,34,DraftKings,29.5,49.5
401767590,2025,11,VMI,Wofford,Southern,Southern,10,52,ESPN Bet,11.0,44.5
401767396,2025,11,South Carolina State,Howard,MEAC,MEAC,42,12,ESPN Bet,-15.5,49.5
401767206,2025,11,Gardner-Webb,Southeast Missouri State,Big South-OVC,Big South-OVC,27,24,ESPN Bet,-4.5,56.5
401767177,2025,11,Elon,Rhode Island,CAA,CAA,20,34,ESPN Bet,4.5,49.5
401767229,2025,11,UT Martin,Tennessee State,Big South-OVC,Big South-OVC,26,7,ESPN Bet,-14.5,48.5
401762502,2025,11,Rice,UAB,American Athletic,American Athletic,24,17,DraftKings,1.5,51.5
401767409,2025,11,North Carolina Central,Norfolk State,MEAC,MEAC,31,28,ESPN Bet,-25.5,56.5
401767548,2025,11,Youngstown State,Southern Illinois,MVFC,MVFC,48,38,ESPN Bet,-5.0,59.5
401767500,2025,11,Northern Iowa,Murray State,MVFC,MVFC,31,14,ESPN Bet,-12.5,49.5
401767214,2025,11,Western Illinois,Lindenwood,Big South-OVC,Big South-OVC,24,21,ESPN Bet,7.5,57.5
401767480,2025,11,Northwestern State,Incarnate Word,Southland,Southland,3,38,ESPN Bet,24.5,54.5
401767507,2025,11,North Dakota,North Dakota State,MVFC,MVFC,10,15,ESPN Bet,10.5,53.5
401767146,2025,11,Campbell,William & Mary,CAA,CAA,27,30,ESPN Bet,6.5,56.5
401767578,2025,11,Western Carolina,Mercer,Southern,Southern,47,49,ESPN Bet,8.0,65.5
401752894,2025,11,Rutgers,Maryland,Big Ten,Big Ten,35,20,DraftKings,-1.5,56.5
401762505,2025,11,Florida Atlantic,Tulsa,American Athletic,American Athletic,40,21,ESPN Bet,-4.5,60.5
401762504,2025,11,East Carolina,Charlotte,American Athletic,American Athletic,48,22,ESPN Bet,-29.5,56.5
401767283,2025,11,Eastern Kentucky,Southern Utah,UAC,UAC,17,27,ESPN Bet,6.5,55.5
401757297,2025,11,UTEP,Jacksonville State,Conference USA,Conference USA,27,30,DraftKings,1.5,46.5
401757296,2025,11,Middle Tennessee,Florida International,Conference USA,Conference USA,30,56,DraftKings,-1.5,50.5
401757295,2025,11,Delaware,Louisiana Tech,Conference USA,Conference USA,25,24,ESPN Bet,5.5,57.5
401767392,2025,11,Grambling,Bethune-Cookman,SWAC,SWAC,31,23,ESPN Bet,-1.5,53.5
401767386,2025,11,Arkansas-Pine Bluff,Florida A&M,SWAC,SWAC,28,31,ESPN Bet,3.5,52.5
401767110,2025,11,Montana State,Weber State,Big Sky,Big Sky,66,14,ESPN Bet,-28.5,57.5
401767245,2025,11,Abilene Christian,Utah Tech,UAC,UAC,31,10,ESPN Bet,-20.5,53.5
401767069,2025,11,Montana,Eastern Washington,Big Sky,Big Sky,29,24,ESPN Bet,-27.0,62.5
401767424,2025,11,Mississippi Valley State,Jackson State,SWAC,SWAC,3,42,ESPN Bet,27.5,56.5
401767365,2025,11,Alabama State,Texas Southern,SWAC,SWAC,42,24,ESPN Bet,-17.5,53.5
401767474,2025,11,Houston Christian,Stephen F. Austin,Southland,Southland,3,50,ESPN Bet,24.5,48.5
401767356,2025,11,Alabama A&M,Prairie View A&M,SWAC,SWAC,5,48,ESPN Bet,3.5,52.5
401752763,2025,11,Missouri,Texas A&M,SEC,SEC,17,38,DraftKings,7.0,48.5
401752898,2025,11,Iowa,Oregon,Big Ten,Big Ten,16,18,DraftKings,4.5,41.5
401756944,2025,11,TCU,Iowa State,Big 12,Big 12,17,20,DraftKings,-7.5,58.5
401756943,2025,11,Arizona,Kansas,Big 12,Big 12,24,20,DraftKings,-5.5,56.5
401767562,2025,11,Samford,East Tennessee State,Southern,Southern,14,38,ESPN Bet,18.5,56.5
401783279,2025,11,New Haven,Merrimack,NEC,FCS Independents,41,31,ESPN Bet,9.5,44.5
401754587,2025,11,Miami,Syracuse,ACC,ACC,38,10,ESPN Bet,-28.5,47.5
401754590,2025,11,UConn,Duke,FBS Independents,ACC,37,34,DraftKings,7.5,63.5
401752764,2025,11,Vanderbilt,Auburn,SEC,SEC,45,38,DraftKings,-6.0,46.5
401767542,2025,11,South Dakota,South Dakota State,MVFC,MVFC,24,17,ESPN Bet,7.5,46.5
401757298,2025,11,New Mexico State,Kennesaw State,Conference USA,Conference USA,21,24,DraftKings,11.5,52.5
401767487,2025,11,Lamar,SE Louisiana,Southland,Southland,14,12,ESPN Bet,8.0,49.5
401767289,2025,11,North Alabama,West Georgia,UAC,UAC,17,24,ESPN Bet,9.5,57.5
401767254,2025,11,Austin Peay,Central Arkansas,UAC,UAC,41,38,ESPN Bet,-13.5,55.5
401761645,2025,11,Coastal Carolina,Georgia State,Sun Belt,Sun Belt,40,27,DraftKings,-7.0,56.5
401767376,2025,11,Alcorn State,Southern,SWAC,SWAC,35,17,ESPN Bet,-11.0,47.5
401752899,2025,11,Wisconsin,Washington,Big Ten,Big Ten,13,10,DraftKings,10.5,44.5
401754588,2025,11,North Carolina,Stanford,ACC,ACC,20,15,DraftKings,-8.5,41.5
401761648,2025,11,Louisiana,Texas State,Sun Belt,Sun Belt,42,39,DraftKings,3.5,62.5
401767465,2025,11,East Texas A&M,McNeese,Southland,Southland,20,35,ESPN Bet,-2.5,53.5
401767129,2025,11,Portland State,Sacramento State,Big Sky,Big Sky,24,52,ESPN Bet,20.5,59.5
401767077,2025,11,Idaho State,Cal Poly,Big Sky,Big Sky,27,17,ESPN Bet,-7.5,62.5
401767117,2025,11,Northern Arizona,Northern Colorado,Big Sky,Big Sky,49,10,ESPN Bet,-12.5,56.5
401760406,2025,11,San José State,Air Force,Mountain West,Mountain West,16,26,DraftKings,-6.0,67.5
401767095,2025,11,Idaho,UC Davis,Big Sky,Big Sky,14,28,ESPN Bet,2.5,59.5
401754585,2025,11,Louisville,California,ACC,ACC,26,29,DraftKings,-18.5,48.5
401754586,2025,11,Clemson,Florida State,ACC,ACC,24,10,DraftKings,-1.5,56.5
401754589,2025,11,Virginia,Wake Forest,ACC,ACC,9,16,DraftKings,-7.0,48.5
401760409,2025,11,Utah State,Nevada,Mountain West,Mountain West,51,14,DraftKings,-10.0,52.5
401752759,2025,11,Alabama,LSU,SEC,SEC,20,9,ESPN Bet,-10.5,49.5
401752760,2025,11,Kentucky,Florida,SEC,SEC,38,7,DraftKings,4.5,44.5
401757166,2025,11,Notre Dame,Navy,FBS Independents,American Athletic,49,10,DraftKings,-30.5,54.5
401752895,2025,11,UCLA,Nebraska,Big Ten,Big Ten,21,28,DraftKings,-1.5,45.5
401760407,2025,11,Colorado State,UNLV,Mountain West,Mountain West,10,42,DraftKings,5.5,60.5
401752944,2025,11,Oregon State,Sam Houston,Pac-12,Conference USA,17,21,DraftKings,-21.0,52.5
401760408,2025,11,Hawai'i,San Diego State,Mountain West,Mountain West,38,6,DraftKings,6.5,48.5
401762856,2025,12,Akron,Kent State,Mid-American,Mid-American,35,42,ESPN Bet,-7.5,49.5
401762857,2025,12,Western Michigan,Ohio,Mid-American,Mid-American,17,13,ESPN Bet,-1.5,46.5
401762858,2025,12,Central Michigan,Buffalo,Mid-American,Mid-American,38,19,ESPN Bet,-2.5,44.5
401762859,2025,12,Massachusetts,Northern Illinois,Mid-American,Mid-American,3,45,ESPN Bet,8.5,43.5
401762860,2025,12,Miami (OH),Toledo,Mid-American,Mid-American,3,24,ESPN Bet,6.5,44.5
401761649,2025,12,Old Dominion,Troy,Sun Belt,Sun Belt,33,0,ESPN Bet,-9.5,53.5
401767414,2025,12,North Carolina Central,South Carolina State,MEAC,MEAC,27,34,ESPN Bet,-7.0,57.5
401754591,2025,12,Louisville,Clemson,ACC,ACC,19,20,DraftKings,-1.5,50.5
401752904,2025,12,Oregon,Minnesota,Big Ten,Big Ten,42,13,ESPN Bet,-26.5,45.5
401767263,2025,12,North Carolina A&T,Monmouth,CAA,CAA,19,63,ESPN Bet,21.5,58.5
401752905,2025,12,Northwestern,Michigan,Big Ten,Big Ten,22,24,DraftKings,10.0,41.5
401756951,2025,12,Cincinnati,Arizona,Big 12,Big 12,24,30,ESPN Bet,-6.5,56.5
401756952,2025,12,Oklahoma State,Kansas State,Big 12,Big 12,6,14,ESPN Bet,19.5,50.5
401754597,2025,12,Pittsburgh,Notre Dame,ACC,FBS Independents,15,37,DraftKings,12.5,55.5
401767663,2025,12,Sacred Heart,Merrimack,FCS Independents,FCS Independents,42,37,ESPN Bet,-6.5,45.5
401767619,2025,12,Dayton,Drake,Pioneer,Pioneer,6,14,ESPN Bet,3.5,43.5
401762510,2025,12,Navy,South Florida,American Athletic,American Athletic,41,38,ESPN Bet,8.5,62.5
401752901,2025,12,Indiana,Wisconsin,Big Ten,Big Ten,31,7,DraftKings,-28.5,43.5
401752772,2025,12,Texas A&M,South Carolina,SEC,SEC,31,30,ESPN Bet,-16.5,49.5
401788998,2025,12,Princeton,Yale,Ivy,Ivy,10,13,ESPN Bet,8.5,51.5
401762507,2025,12,Charlotte,UTSA,American Athletic,American Athletic,7,28,DraftKings,16.5,57.5
401767402,2025,12,Norfolk State,Morgan State,MEAC,MEAC,28,35,ESPN Bet,5.5,50.5
401767775,2025,12,Wagner,Stonehill,NEC,NEC,20,14,ESPN Bet,-1.0,38.5
401767767,2025,12,Mercyhurst,Robert Morris,NEC,NEC,27,13,ESPN Bet,-4.5,37.5
401767760,2025,12,St. Francis (PA),Long Island University,NEC,NEC,3,10,ESPN Bet,14.0,37.5
401767138,2025,12,Bryant,New Hampshire,CAA,CAA,14,42,ESPN Bet,11.0,46.5
401767748,2025,12,Duquesne,Central Connecticut,NEC,NEC,38,33,ESPN Bet,1.5,46.5
401767707,2025,12,Harvard,Pennsylvania,Ivy,Ivy,45,43,ESPN Bet,-23.0,51.5
401767677,2025,12,Columbia,Brown,Ivy,Ivy,29,32,ESPN Bet,2.5,47.5
401767670,2025,12,Bucknell,Holy Cross,Patriot,Patriot,20,37,ESPN Bet,-2.5,52.5
401767501,2025,12,Murray State,North Dakota,MVFC,MVFC,17,35,ESPN Bet,34.0,55.5
401767452,2025,12,Youngstown State,Indiana State,MVFC,MVFC,48,29,ESPN Bet,-20.5,61.5
401757174,2025,12,UConn,Air Force,FBS Independents,Mountain West,26,16,DraftKings,-7.5,64.5
401767563,2025,12,Western Carolina,East Tennessee State,Southern,Southern,35,52,ESPN Bet,-6.0,69.5
401767610,2025,12,Marist,Davidson,Pioneer,Pioneer,37,10,ESPN Bet,-14.0,55.5
401762861,2025,12,Ball State,Eastern Michigan,Mid-American,Mid-American,9,24,DraftKings,2.5,48.5
401752768,2025,12,LSU,Arkansas,SEC,SEC,23,22,DraftKings,-4.0,58.5
401767737,2025,12,Colgate,Lehigh,Patriot,Patriot,7,27,ESPN Bet,18.5,54.5
401767717,2025,12,Georgetown,Fordham,Patriot,Patriot,14,0,ESPN Bet,-5.5,49.5
401756948,2025,12,Arizona State,West Virginia,Big 12,Big 12,25,23,DraftKings,-10.0,46.5
401767543,2025,12,Southern Illinois,South Dakota,MVFC,MVFC,51,53,ESPN Bet,-4.5,50.5
401767695,2025,12,Dartmouth,Cornell,Ivy,Ivy,24,14,ESPN Bet,-10.0,47.5
401767654,2025,12,Valparaiso,Stetson,Pioneer,Pioneer,32,31,ESPN Bet,-2.5,48.5
401767187,2025,12,Hampton,William & Mary,CAA,CAA,14,55,ESPN Bet,18.5,53.5
401767194,2025,12,Maine,Rhode Island,CAA,CAA,13,45,ESPN Bet,4.0,49.5
401752945,2025,12,Tulsa,Oregon State,American Athletic,Pac-12,31,14,ESPN Bet,-1.5,50.5
401767571,2025,12,Furman,VMI,Southern,Southern,32,14,ESPN Bet,-20.5,51.5
401767331,2025,12,UAlbany,Towson,CAA,CAA,19,36,ESPN Bet,13.5,47.5
401767348,2025,12,Delaware State,Howard,MEAC,MEAC,26,13,ESPN Bet,-13.5,50.5
401767393,2025,12,Jackson State,Bethune-Cookman,SWAC,SWAC,28,13,ESPN Bet,-23.5,59.5
401767326,2025,12,Villanova,Stony Brook,CAA,CAA,30,27,ESPN Bet,-10.5,51.5
401752767,2025,12,Kentucky,Tennessee Tech,SEC,Big South-OVC,42,10,ESPN Bet,-22.5,52.5
401761651,2025,12,Georgia State,Marshall,Sun Belt,Sun Belt,18,30,DraftKings,9.5,59.5
401767169,2025,12,UT Martin,Charleston Southern,Big South-OVC,Big South-OVC,17,14,ESPN Bet,-10.0,45.5
401767643,2025,12,St. Thomas (MN),Presbyterian,Pioneer,Pioneer,9,23,ESPN Bet,-5.5,47.5
401767255,2025,12,Austin Peay,Samford,UAC,Southern,30,16,ESPN Bet,-25.5,55.5
401767586,2025,12,The Citadel,Wofford,Southern,Southern,14,16,ESPN Bet,3.5,43.5
401762506,2025,12,UAB,North Texas,American Athletic,American Athletic,24,53,ESPN Bet,17.5,69.5
401767147,2025,12,Campbell,Elon,CAA,CAA,24,31,ESPN Bet,4.0,52.5
401767303,2025,12,West Georgia,Utah Tech,UAC,UAC,23,0,ESPN Bet,-15.0,48.5
401767740,2025,12,Richmond,Lafayette,Patriot,Patriot,28,35,ESPN Bet,3.5,49.5
401767222,2025,12,Western Illinois,Southeast Missouri State,Big South-OVC,Big South-OVC,17,22,ESPN Bet,8.0,57.5
401767207,2025,12,Tennessee State,Gardner-Webb,Big South-OVC,Big South-OVC,14,30,ESPN Bet,15.0,50.5
401767246,2025,12,Eastern Kentucky,Abilene Christian,UAC,UAC,10,17,ESPN Bet,9.0,48.5
401767481,2025,12,Incarnate Word,SE Louisiana,Southland,Southland,7,10,ESPN Bet,5.5,54.5
401767556,2025,12,Mercer,Chattanooga,Southern,Southern,63,17,ESPN Bet,-15.5,57.5
401767444,2025,12,South Dakota State,Illinois State,MVFC,MVFC,21,35,ESPN Bet,-3.5,50.5
401767457,2025,12,Southern,Texas Southern,SWAC,SWAC,30,35,ESPN Bet,6.5,52.5
401757304,2025,12,Missouri State,UTEP,Conference USA,Conference USA,38,24,DraftKings,-6.5,47.5
401767357,2025,12,Alabama A&M,Florida A&M,SWAC,SWAC,23,26,ESPN Bet,2.5,54.5
401767377,2025,12,Alcorn State,Grambling,SWAC,SWAC,27,16,ESPN Bet,1.5,45.5
401767387,2025,12,Prairie View A&M,Arkansas-Pine Bluff,SWAC,SWAC,56,9,ESPN Bet,-21.0,50.5
401767200,2025,12,Lindenwood,Eastern Illinois,Big South-OVC,Big South-OVC,42,12,ESPN Bet,-5.5,49.5
401760411,2025,12,New Mexico,Colorado State,Mountain West,Mountain West,20,17,DraftKings,-15.5,53.5
401761652,2025,12,James Madison,App State,Sun Belt,Sun Belt,58,10,DraftKings,-21.0,53.5
401754595,2025,12,Miami,NC State,ACC,ACC,41,7,DraftKings,-16.5,54.5
401752907,2025,12,USC,Iowa,Big Ten,Big Ten,26,21,ESPN Bet,-6.5,48.5
401752765,2025,12,Alabama,Oklahoma,SEC,SEC,21,23,DraftKings,-6.5,45.5
401752903,2025,12,Michigan State,Penn State,Big Ten,Big Ten,10,28,DraftKings,7.0,48.5
401760413,2025,12,Nevada,San José State,Mountain West,Mountain West,55,10,DraftKings,10.0,49.5
401757303,2025,12,Western Kentucky,Middle Tennessee,Conference USA,Conference USA,42,26,DraftKings,-13.5,51.5
401756953,2025,12,Texas Tech,UCF,Big 12,Big 12,48,9,ESPN Bet,-24.5,48.5
401754593,2025,12,Duke,Virginia,ACC,ACC,17,34,DraftKings,-5.5,59.5
401754592,2025,12,Boston College,Georgia Tech,ACC,ACC,34,36,DraftKings,16.5,61.5
401752906,2025,12,Illinois,Maryland,Big Ten,Big Ten,24,6,ESPN Bet,-15.5,51.5
401767514,2025,12,North Dakota State,Northern Iowa,MVFC,MVFC,48,16,ESPN Bet,-34.0,47.5
401761654,2025,12,Southern Miss,Texas State,Sun Belt,Sun Belt,14,41,DraftKings,-3.0,65.5
401761653,2025,12,UL Monroe,South Alabama,Sun Belt,Sun Belt,14,26,DraftKings,4.0,49.5
401762509,2025,12,Tulane,Florida Atlantic,American Athletic,American Athletic,35,24,DraftKings,-16.5,60.5
401762508,2025,12,East Carolina,Memphis,American Athletic,American Athletic,31,27,DraftKings,-3.0,56.5
401767519,2025,12,Nicholls,Northwestern State,Southland,Southland,26,21,ESPN Bet,-23.5,45.5
401767078,2025,12,Northern Arizona,Cal Poly,Big Sky,Big Sky,35,27,ESPN Bet,-11.5,57.5
401767067,2025,12,Eastern Washington,Northern Colorado,Big Sky,Big Sky,27,7,ESPN Bet,-3.5,54.5
401767600,2025,12,San Diego,Butler,Pioneer,Pioneer,29,7,ESPN Bet,-7.5,46.5
401752771,2025,12,Tennessee,New Mexico State,SEC,Conference USA,42,9,DraftKings,-41.5,59.5
401754596,2025,12,Wake Forest,North Carolina,ACC,ACC,28,12,ESPN Bet,-3.5,37.5
401767488,2025,12,Stephen F. Austin,Lamar,Southland,Southland,26,15,ESPN Bet,-11.0,45.5
401757301,2025,12,Florida International,Liberty,Conference USA,Conference USA,34,27,DraftKings,2.5,51.5
401767466,2025,12,East Texas A&M,Houston Christian,Southland,Southland,37,32,ESPN Bet,-9.5,51.5
401767366,2025,12,Mississippi Valley State,Alabama State,SWAC,SWAC,3,41,ESPN Bet,29.5,54.5
401767103,2025,12,Portland State,Montana,Big Sky,Big Sky,17,63,ESPN Bet,30.5,60.5
401767087,2025,12,Idaho State,Weber State,Big Sky,Big Sky,31,3,ESPN Bet,-13.5,59.5
401761650,2025,12,Georgia Southern,Coastal Carolina,Sun Belt,Sun Belt,45,40,DraftKings,-3.0,59.5
401756949,2025,12,Baylor,Utah,Big 12,Big 12,28,55,DraftKings,9.5,60.5
401757300,2025,12,Sam Houston,Delaware,Conference USA,Conference USA,26,23,DraftKings,11.5,56.5
401760414,2025,12,UNLV,Utah State,Mountain West,Mountain West,29,26,ESPN Bet,-4.5,68.5
401767290,2025,12,Tarleton State,North Alabama,UAC,UAC,61,0,ESPN Bet,-33.5,61.5
401752902,2025,12,Washington,Purdue,Big Ten,Big Ten,49,13,ESPN Bet,-14.5,51.5
401752769,2025,12,Ole Miss,Florida,SEC,SEC,34,24,DraftKings,-10.5,53.5
401752900,2025,12,Ohio State,UCLA,Big Ten,Big Ten,48,10,DraftKings,-33.5,46.5
401754594,2025,12,Florida State,Virginia Tech,ACC,ACC,34,14,ESPN Bet,-13.5,53.5
401752766,2025,12,Georgia,Texas,SEC,SEC,35,10,DraftKings,-3.5,50.5
401752770,2025,12,Missouri,Mississippi State,SEC,SEC,49,27,ESPN Bet,-7.5,50.5
401757302,2025,12,Jacksonville State,Kennesaw State,Conference USA,Conference USA,35,26,DraftKings,3.5,56.5
401767296,2025,12,Southern Utah,Central Arkansas,UAC,UAC,28,21,ESPN Bet,-12.5,63.5
401767096,2025,12,Sacramento State,Idaho,Big Sky,Big Sky,23,20,ESPN Bet,-7.0,59.5
401752953,2025,12,Washington State,Louisiana Tech,Pac-12,Conference USA,28,3,DraftKings,-10.0,43.5
401756950,2025,12,BYU,TCU,Big 12,Big 12,44,13,DraftKings,-3.0,51.5
401760410,2025,12,San Diego State,Boise State,Mountain West,Mountain West,17,7,DraftKings,-1.5,41.5
401767111,2025,12,Montana State,UC Davis,Big Sky,Big Sky,38,17,ESPN Bet,-19.0,61.5
401760412,2025,12,Fresno State,Wyoming,Mountain West,Mountain West,24,3,DraftKings,-3.0,40.5
401762863,2025,13,Ohio,Massachusetts,Mid-American,Mid-American,42,14,DraftKings,-33.5,53.5
401762864,2025,13,Northern Illinois,Western Michigan,Mid-American,Mid-American,19,35,DraftKings,7.0,39.5
401762862,2025,13,Bowling Green,Akron,Mid-American,Mid-American,16,19,DraftKings,-2.5,47.5
401762865,2025,13,Buffalo,Miami (OH),Mid-American,Mid-American,20,37,DraftKings,2.5,38.5
401762866,2025,13,Kent State,Central Michigan,Mid-American,Mid-American,16,28,DraftKings,7.5,50.5
401767520,2025,13,SE Louisiana,Nicholls,Southland,Southland,38,26,ESPN Bet,-17.5,49.5
401761655,2025,13,Arkansas State,Louisiana,Sun Belt,Sun Belt,30,34,DraftKings,-2.5,54.5
401767522,2025,13,Northwestern State,Stephen F. Austin,Southland,Southland,14,62,ESPN Bet,37.5,50.5
401754598,2025,13,NC State,Florida State,ACC,ACC,21,11,DraftKings,7.0,58.5
401760418,2025,13,UNLV,Hawai'i,Mountain West,Mountain West,38,10,DraftKings,-2.5,64.5
401762512,2025,13,Army,Tulsa,American Athletic,American Athletic,25,26,DraftKings,-10.0,43.5
401767678,2025,13,Brown,Dartmouth,Ivy,Ivy,35,28,ESPN Bet,8.0,51.5
401767403,2025,13,Morgan State,North Carolina Central,MEAC,MEAC,14,33,ESPN Bet,9.5,54.5
401767139,2025,13,Stony Brook,Bryant,CAA,CAA,35,28,ESPN Bet,-18.5,52.5
401756958,2025,13,Iowa State,Kansas,Big 12,Big 12,38,14,DraftKings,-3.0,55.5
401754606,2025,13,Wake Forest,Delaware,ACC,Conference USA,52,14,DraftKings,-17.5,49.5
401752778,2025,13,Oklahoma,Missouri,SEC,SEC,17,6,ESPN Bet,-4.5,42.5
401752781,2025,13,Texas A&M,Samford,SEC,Southern,48,0,DraftKings,-54.5,59.5
401752909,2025,13,Northwestern,Minnesota,Big Ten,Big Ten,38,35,Bovada,-4.0,41.0
401754602,2025,13,SMU,Louisville,ACC,ACC,38,6,DraftKings,-4.0,49.5
401754603,2025,13,Virginia Tech,Miami,ACC,ACC,17,34,Bovada,18.5,49.0
401767761,2025,13,Long Island University,Wagner,NEC,NEC,24,17,ESPN Bet,-10.0,36.5
401767749,2025,13,Central Connecticut,Mercyhurst,NEC,NEC,35,28,ESPN Bet,-10.5,47.5
401767718,2025,13,Merrimack,Fordham,FCS Independents,Patriot,27,26,ESPN Bet,-5.5,45.5
401767708,2025,13,Yale,Harvard,Ivy,Ivy,45,28,ESPN Bet,6.5,50.5
401767591,2025,13,VMI,Western Carolina,Southern,Southern,6,48,ESPN Bet,25.5,63.5
401767264,2025,13,Monmouth,UAlbany,CAA,CAA,24,31,ESPN Bet,-29.5,62.5
401752912,2025,13,Ohio State,Rutgers,Big Ten,Big Ten,42,9,Bovada,-29.0,54.0
401767738,2025,13,Lafayette,Lehigh,Patriot,Patriot,32,42,ESPN Bet,10.0,52.5
401752776,2025,13,Georgia,Charlotte,SEC,American Athletic,35,3,DraftKings,-42.5,53.5
401767671,2025,13,Colgate,Bucknell,Patriot,Patriot,38,19,ESPN Bet,-9.5,60.5
401767195,2025,13,New Hampshire,Maine,CAA,CAA,33,27,ESPN Bet,-7.5,47.5
401788996,2025,13,Pennsylvania,Princeton,Ivy,Ivy,17,6,ESPN Bet,-3.5,50.5
401767696,2025,13,Cornell,Columbia,Ivy,Ivy,12,29,ESPN Bet,-9.5,43.5
401767148,2025,13,Towson,Campbell,CAA,CAA,35,31,ESPN Bet,-8.5,54.5
401767564,2025,13,East Tennessee State,The Citadel,Southern,Southern,28,26,ESPN Bet,-11.5,54.5
401767349,2025,13,Delaware State,South Carolina State,MEAC,MEAC,17,28,ESPN Bet,5.5,56.5
401767338,2025,13,Villanova,Sacred Heart,CAA,FCS Independents,34,10,ESPN Bet,-16.0,54.5
401767601,2025,13,Butler,Valparaiso,Pioneer,Pioneer,27,20,ESPN Bet,-16.5,48.5
401752954,2025,13,James Madison,Washington State,Sun Belt,Pac-12,24,20,Bovada,-15.0,44.5
401756954,2025,13,Arizona,Baylor,Big 12,Big 12,41,17,DraftKings,-6.5,61.5
401767611,2025,13,Davidson,Dayton,Pioneer,Pioneer,14,42,ESPN Bet,17.5,51.5
401767367,2025,13,Alabama State,Arkansas-Pine Bluff,SWAC,SWAC,44,13,ESPN Bet,-26.5,59.5
401767188,2025,13,Rhode Island,Hampton,CAA,CAA,38,10,ESPN Bet,-31.5,52.5
401767633,2025,13,Presbyterian,Marist,Pioneer,Pioneer,29,25,ESPN Bet,-17.5,49.5
401761657,2025,13,Georgia Southern,Old Dominion,Sun Belt,Sun Belt,10,45,Bovada,10.0,62.0
401767647,2025,13,Stetson,San Diego,Pioneer,Pioneer,8,42,ESPN Bet,22.0,53.5
401767770,2025,13,Stonehill,St. Francis (PA),NEC,NEC,20,10,ESPN Bet,-7.5,37.5
401767625,2025,13,Drake,Morehead State,Pioneer,Pioneer,17,10,ESPN Bet,-21.5,49.5
401767445,2025,13,Illinois State,Southern Illinois,MVFC,MVFC,7,37,ESPN Bet,-4.5,59.5
401767234,2025,13,Tennessee Tech,UT Martin,Big South-OVC,Big South-OVC,20,17,ESPN Bet,-17.5,55.5
401767453,2025,13,Indiana State,Murray State,MVFC,MVFC,17,31,ESPN Bet,-13.0,58.5
401767340,2025,13,William & Mary,Richmond,CAA,Patriot,21,28,ESPN Bet,-6.5,49.5
401767208,2025,13,Gardner-Webb,Western Illinois,Big South-OVC,Big South-OVC,24,29,ESPN Bet,-13.5,59.5
401767557,2025,13,Wofford,Chattanooga,Southern,Southern,35,13,ESPN Bet,-4.5,47.5
401757306,2025,13,Kennesaw State,Missouri State,Conference USA,Conference USA,41,34,Bovada,-6.5,54.0
401767291,2025,13,North Alabama,Southern Utah,UAC,UAC,34,36,ESPN Bet,18.0,58.5
401752774,2025,13,Auburn,Mercer,SEC,Southern,62,17,DraftKings,-26.5,51.5
401767540,2025,13,Northern Iowa,Youngstown State,MVFC,MVFC,32,35,ESPN Bet,14.0,57.5
401767756,2025,13,Robert Morris,Duquesne,NEC,NEC,17,20,ESPN Bet,13.5,42.5
401767508,2025,13,North Dakota,South Dakota State,MVFC,MVFC,31,34,ESPN Bet,-9.5,48.5
401767178,2025,13,Elon,North Carolina A&T,CAA,CAA,55,17,ESPN Bet,-21.0,54.5
401762867,2025,13,Toledo,Ball State,Mid-American,Mid-American,38,9,Bovada,-29.5,45.5
401760419,2025,13,Wyoming,Nevada,Mountain West,Mountain West,7,13,DraftKings,-6.0,39.5
401767215,2025,13,Southeast Missouri State,Lindenwood,Big South-OVC,Big South-OVC,13,30,ESPN Bet,1.5,52.5
401752773,2025,13,Alabama,Eastern Illinois,SEC,Big South-OVC,56,0,DraftKings,-50.5,57.5
401767125,2025,13,Northern Colorado,Portland State,Big Sky,Big Sky,24,13,ESPN Bet,-10.5,56.5
401767104,2025,13,Montana,Montana State,Big Sky,Big Sky,28,31,ESPN Bet,4.5,59.5
401767170,2025,13,Charleston Southern,Tennessee State,Big South-OVC,Big South-OVC,7,6,ESPN Bet,-12.5,43.5
401761656,2025,13,App State,Marshall,Sun Belt,Sun Belt,26,24,Bovada,4.0,56.5
401767118,2025,13,Weber State,Northern Arizona,Big Sky,Big Sky,48,28,ESPN Bet,14.0,58.5
401757309,2025,13,UTEP,New Mexico State,Conference USA,Conference USA,31,34,DraftKings,-4.0,44.5
401757175,2025,13,Florida Atlantic,UConn,American Athletic,FBS Independents,45,48,Bovada,6.0,64.0
401757308,2025,13,Middle Tennessee,Sam Houston,Conference USA,Conference USA,31,17,DraftKings,-6.5,53.5
401767475,2025,13,Houston Christian,Incarnate Word,Southland,Southland,10,31,ESPN Bet,17.5,49.5
401762511,2025,13,UAB,South Florida,American Athletic,American Athletic,18,48,DraftKings,21.5,68.5
401767358,2025,13,Texas Southern,Alabama A&M,SWAC,SWAC,24,7,ESPN Bet,-3.5,52.5
401767430,2025,13,Prairie View A&M,Mississippi Valley State,SWAC,SWAC,59,6,ESPN Bet,-29.5,50.5
401757307,2025,13,Louisiana Tech,Liberty,Conference USA,Conference USA,34,28,ESPN Bet,1.5,45.5
401767397,2025,13,Howard,Norfolk State,MEAC,MEAC,44,15,ESPN Bet,-3.5,48.5
401767378,2025,13,Alcorn State,Jackson State,SWAC,SWAC,21,27,ESPN Bet,-19.5,51.5
401767394,2025,13,Florida A&M,Bethune-Cookman,SWAC,SWAC,34,38,ESPN Bet,-2.5,56.5
401754600,2025,13,North Carolina,Duke,ACC,ACC,25,32,ESPN Bet,6.5,50.5
401752782,2025,13,Vanderbilt,Kentucky,SEC,SEC,45,17,DraftKings,-7.0,53.5
401752780,2025,13,Texas,Arkansas,SEC,SEC,52,37,ESPN Bet,-10.5,57.5
401762513,2025,13,UTSA,East Carolina,American Athletic,American Athletic,58,24,Bovada,2.0,62.5
401757305,2025,13,Florida International,Jacksonville State,Conference USA,Conference USA,27,21,DraftKings,-2.5,55.5
401754604,2025,13,Notre Dame,Syracuse,FBS Independents,ACC,70,7,DraftKings,-36.5,51.5
401761658,2025,13,South Alabama,Southern Miss,Sun Belt,Sun Belt,42,35,Bovada,2.5,53.0
401752913,2025,13,Iowa,Michigan State,Big Ten,Big Ten,20,17,Bovada,-17.5,43.0
401767515,2025,13,North Dakota State,St. Thomas (MN),MVFC,Pioneer,62,7,ESPN Bet,-33.5,51.5
401752911,2025,13,Oregon,USC,Big Ten,Big Ten,42,27,DraftKings,-10.5,59.5
401762515,2025,13,Temple,Tulane,American Athletic,American Athletic,13,37,DraftKings,7.5,54.5
401756960,2025,13,Utah,Kansas State,Big 12,Big 12,51,47,ESPN Bet,-18.5,52.5
401767134,2025,13,UC Davis,Sacramento State,Big Sky,Big Sky,31,27,ESPN Bet,-5.0,63.5
401756959,2025,13,UCF,Oklahoma State,Big 12,Big 12,17,14,DraftKings,-13.5,47.5
401756957,2025,13,Houston,TCU,Big 12,Big 12,14,17,Bovada,1.5,55.5
401752914,2025,13,Maryland,Michigan,Big Ten,Big Ten,20,45,DraftKings,14.0,46.5
401761660,2025,13,Troy,Georgia State,Sun Belt,Sun Belt,31,19,Bovada,-9.5,51.0
401767284,2025,13,Utah Tech,Eastern Kentucky,UAC,UAC,10,33,ESPN Bet,6.5,45.5
401767725,2025,13,Holy Cross,Georgetown,Patriot,Patriot,42,7,ESPN Bet,-5.5,45.5
401767489,2025,13,Lamar,McNeese,Southland,Southland,19,21,ESPN Bet,-13.5,47.5
401767088,2025,13,Idaho,Idaho State,Big Sky,Big Sky,16,37,ESPN Bet,-2.5,59.5
401752779,2025,13,South Carolina,Coastal Carolina,SEC,Sun Belt,51,7,Bovada,-24.0,50.0
401754605,2025,13,Clemson,Furman,ACC,Southern,45,10,DraftKings,-41.5,55.5
401767276,2025,13,Tarleton State,Austin Peay,UAC,UAC,45,44,ESPN Bet,-18.5,60.5
401767068,2025,13,Cal Poly,Eastern Washington,Big Sky,Big Sky,43,34,ESPN Bet,-2.5,56.5
401767247,2025,13,Central Arkansas,Abilene Christian,UAC,UAC,28,49,ESPN Bet,9.5,54.5
401761659,2025,13,Texas State,UL Monroe,Sun Belt,Sun Belt,31,14,DraftKings,-20.5,59.5
401760416,2025,13,Boise State,Colorado State,Mountain West,Mountain West,49,21,ESPN Bet,-17.5,46.5
401760415,2025,13,Air Force,New Mexico,Mountain West,Mountain West,3,20,ESPN Bet,3.5,53.5
401752908,2025,13,Penn State,Nebraska,Big Ten,Big Ten,37,10,ESPN Bet,-7.5,45.5
401754601,2025,13,Georgia Tech,Pittsburgh,ACC,ACC,28,42,DraftKings,-2.5,61.5
401752775,2025,13,Florida,Tennessee,SEC,SEC,11,31,DraftKings,3.5,57.5
401752915,2025,13,Wisconsin,Illinois,Big Ten,Big Ten,27,10,DraftKings,8.5,42.5
401762514,2025,13,Rice,North Texas,American Athletic,American Athletic,24,56,Bovada,18.5,57.0
401754599,2025,13,Stanford,California,ACC,ACC,31,10,DraftKings,4.5,47.5
401752777,2025,13,LSU,Western Kentucky,SEC,Conference USA,13,10,Bovada,-24.5,52.0
401756955,2025,13,Cincinnati,BYU,Big 12,Big 12,14,26,DraftKings,2.5,56.5
401756956,2025,13,Colorado,Arizona State,Big 12,Big 12,17,42,DraftKings,7.0,47.5
401760420,2025,13,San Diego State,San José State,Mountain West,Mountain West,25,3,DraftKings,-10.0,50.5
401760417,2025,13,Fresno State,Utah State,Mountain West,Mountain West,17,28,DraftKings,-1.5,50.5
401752910,2025,13,UCLA,Washington,Big Ten,Big Ten,14,48,ESPN Bet,10.5,51.5
401762868,2025,14,Massachusetts,Bowling Green,Mid-American,Mid-American,14,45,DraftKings,14.0,44.5
401762869,2025,14,Eastern Michigan,Western Michigan,Mid-American,Mid-American,21,31,Bovada,10.0,49.0
401762516,2025,14,Memphis,Navy,American Athletic,American Athletic,17,28,ESPN Bet,-3.5,57.5
401752916,2025,14,Nebraska,Iowa,Big Ten,Big Ten,16,40,ESPN Bet,5.5,38.5
401756964,2025,14,Kansas,Utah,Big 12,Big 12,21,31,ESPN Bet,10.5,59.5
401762870,2025,14,Buffalo,Ohio,Mid-American,Mid-American,26,31,Bovada,7.0,44.5
401762871,2025,14,Northern Illinois,Kent State,Mid-American,Mid-American,31,35,Bovada,-5.0,45.0
401752788,2025,14,Mississippi State,Ole Miss,SEC,SEC,19,38,ESPN Bet,7.5,62.5
401760421,2025,14,Colorado State,Air Force,Mountain West,Mountain West,21,42,ESPN Bet,2.5,47.5
401752786,2025,14,Georgia Tech,Georgia,ACC,SEC,9,16,ESPN Bet,15.5,59.5
401762442,2025,14,North Texas,Temple,American Athletic,American Athletic,52,25,Bovada,-20.0,65.5
401760426,2025,14,New Mexico,San Diego State,Mountain West,Mountain West,23,17,ESPN Bet,1.5,41.5
401760422,2025,14,Utah State,Boise State,Mountain West,Mountain West,24,25,ESPN Bet,1.5,54.5
401752924,2025,14,Purdue,Indiana,Big Ten,Big Ten,3,56,DraftKings,28.5,53.5
401752792,2025,14,Texas,Texas A&M,SEC,SEC,27,17,DraftKings,2.5,54.5
401756961,2025,14,Arizona State,Arizona,Big 12,Big 12,7,23,Bovada,2.0,48.5
401752787,2025,14,Louisville,Kentucky,ACC,SEC,41,0,Bovada,-1.0,45.5
401833975,2025,14,Youngstown State,Yale,MVFC,Ivy,42,43,ESPN Bet,-4.5,61.5
401836055,2025,14,Villanova,Harvard,CAA,Ivy,52,7,ESPN Bet,2.0,53.5
401836102,2025,14,Rhode Island,Central Connecticut,CAA,NEC,27,19,ESPN Bet,-19.5,52.5
401762519,2025,14,Florida Atlantic,East Carolina,American Athletic,American Athletic,3,42,ESPN Bet,6.5,66.5
401756968,2025,14,West Virginia,Texas Tech,Big 12,Big 12,0,49,ESPN Bet,24.5,53.5
401756966,2025,14,Oklahoma State,Iowa State,Big 12,Big 12,13,20,ESPN Bet,13.5,47.5
401756965,2025,14,Kansas State,Colorado,Big 12,Big 12,24,14,ESPN Bet,-16.5,50.5
401756962,2025,14,Baylor,Houston,Big 12,Big 12,24,31,ESPN Bet,-2.5,57.5
401754611,2025,14,Pittsburgh,Miami,ACC,ACC,7,38,ESPN Bet,6.5,49.5
401752790,2025,14,South Carolina,Clemson,SEC,ACC,14,28,DraftKings,-2.5,45.5
401752921,2025,14,Michigan,Ohio State,Big Ten,Big Ten,9,27,ESPN Bet,9.5,43.5
401762872,2025,14,Central Michigan,Toledo,Mid-American,Mid-American,3,21,Bovada,11.5,46.5
401762875,2025,14,Miami (OH),Ball State,Mid-American,Mid-American,45,24,ESPN Bet,-16.5,40.5
401756963,2025,14,BYU,UCF,Big 12,Big 12,41,21,Bovada,-17.5,46.5
401757310,2025,14,Delaware,UTEP,Conference USA,Conference USA,61,31,ESPN Bet,-4.5,55.5
401757311,2025,14,Sam Houston,Florida International,Conference USA,Conference USA,16,56,ESPN Bet,10.5,50.5
401836095,2025,14,SE Louisiana,Illinois State,Southland,MVFC,3,21,ESPN Bet,-2.5,54.5
401836115,2025,14,Tennessee Tech,North Dakota,Big South-OVC,MVFC,6,31,ESPN Bet,2.0,48.5
401836116,2025,14,South Dakota State,New Hampshire,MVFC,CAA,41,3,ESPN Bet,-11.0,43.5
401836195,2025,14,South Dakota,Drake,MVFC,Pioneer,38,17,ESPN Bet,-21.0,46.5
401833969,2025,14,Abilene Christian,Lamar,UAC,Southland,38,20,ESPN Bet,-12.5,45.5
401761663,2025,14,Marshall,Georgia Southern,Sun Belt,Sun Belt,19,24,ESPN Bet,-10.5,61.5
401761664,2025,14,Old Dominion,Georgia State,Sun Belt,Sun Belt,27,10,Bovada,-29.0,58.5
401757314,2025,14,Missouri State,Louisiana Tech,Conference USA,Conference USA,30,42,Bovada,-2.5,45.0
401767420,2025,14,Southern,Grambling,SWAC,SWAC,28,27,ESPN Bet,-13.5,48.5
401757312,2025,14,Jacksonville State,Western Kentucky,Conference USA,Conference USA,37,34,Bovada,1.5,56.5
401761661,2025,14,App State,Arkansas State,Sun Belt,Sun Belt,29,30,Bovada,-1.0,54.5
401761665,2025,14,Louisiana,UL Monroe,Sun Belt,Sun Belt,30,27,ESPN Bet,-10.5,47.5
401761667,2025,14,Texas State,South Alabama,Sun Belt,Sun Belt,49,26,ESPN Bet,-9.5,62.5
401762517,2025,14,Tulsa,UAB,American Athletic,American Athletic,24,31,Bovada,-9.0,56.5
401757315,2025,14,New Mexico State,Middle Tennessee,Conference USA,Conference USA,24,31,Bovada,-3.5,52.0
401754608,2025,14,Syracuse,Boston College,ACC,ACC,12,34,ESPN Bet,2.5,54.5
401767428,2025,14,Mississippi Valley State,Florida A&M,SWAC,SWAC,35,31,ESPN Bet,13.5,51.5
401752920,2025,14,Rutgers,Penn State,Big Ten,Big Ten,36,40,ESPN Bet,14.5,55.5
401762441,2025,14,UTSA,Army,American Athletic,American Athletic,24,27,ESPN Bet,-8.5,50.5
401752917,2025,14,Washington,Oregon,Big Ten,Big Ten,14,26,ESPN Bet,6.5,51.5
401752918,2025,14,Minnesota,Wisconsin,Big Ten,Big Ten,17,7,Bovada,2.5,38.5
401752789,2025,14,Oklahoma,LSU,SEC,SEC,17,13,DraftKings,-11.5,36.5
401752783,2025,14,Arkansas,Missouri,SEC,SEC,17,31,Bovada,4.5,54.5
401757313,2025,14,Liberty,Kennesaw State,Conference USA,Conference USA,42,48,ESPN Bet,2.5,55.5
401754610,2025,14,Duke,Wake Forest,ACC,ACC,49,32,Bovada,-2.5,54.0
401756967,2025,14,TCU,Cincinnati,Big 12,Big 12,45,23,Bovada,-3.0,58.5
401761666,2025,14,Southern Miss,Troy,Sun Belt,Sun Belt,18,28,ESPN Bet,-6.5,50.5
401752791,2025,14,Tennessee,Vanderbilt,SEC,SEC,24,45,DraftKings,-2.5,66.5
401761662,2025,14,Coastal Carolina,James Madison,Sun Belt,Sun Belt,10,59,Bovada,24.0,54.5
401752785,2025,14,Florida,Florida State,SEC,ACC,40,21,ESPN Bet,1.5,48.5
401752946,2025,14,Washington State,Oregon State,Pac-12,Pac-12,32,8,Bovada,-14.0,42.5
401754613,2025,14,Virginia,Virginia Tech,ACC,ACC,27,7,ESPN Bet,-9.5,53.5
401752923,2025,14,Michigan State,Maryland,Big Ten,Big Ten,38,28,Bovada,-4.0,49.5
401762520,2025,14,South Florida,Rice,American Athletic,American Athletic,52,3,ESPN Bet,-28.5,57.5
401752919,2025,14,USC,UCLA,Big Ten,Big Ten,29,10,Bovada,-21.0,59.0
401752922,2025,14,Illinois,Northwestern,Big Ten,Big Ten,20,13,DraftKings,-7.0,44.5
401762518,2025,14,Tulane,Charlotte,American Athletic,American Athletic,27,0,ESPN Bet,-31.5,52.5
401752784,2025,14,Auburn,Alabama,SEC,SEC,20,27,DraftKings,7.0,48.5
401754612,2025,14,NC State,North Carolina,ACC,ACC,42,19,DraftKings,-7.0,48.5
401754609,2025,14,California,SMU,ACC,ACC,38,35,Bovada,13.5,53.5
401760425,2025,14,Nevada,UNLV,Mountain West,Mountain West,17,42,Bovada,7.5,53.0
401754614,2025,14,Stanford,Notre Dame,ACC,FBS Independents,20,49,Bovada,32.5,50.5
401760423,2025,14,San José State,Fresno State,Mountain West,Mountain West,14,41,Bovada,3.5,46.0
401760424,2025,14,Hawai'i,Wyoming,Mountain West,Mountain West,27,7,Bovada,-8.5,45.0
401777352,2025,15,James Madison,Troy,Sun Belt,Sun Belt,31,14,Draft Kings,-24.5,47.5
401777325,2025,15,Jacksonville State,Kennesaw State,Conference USA,Conference USA,15,19,Bovada,3.0,62.5
401777326,2025,15,Boise State,UNLV,Mountain West,Mountain West,38,21,Bovada,-6.0,60.0
401777324,2025,15,Tulane,North Texas,American Athletic,American Athletic,34,21,Draft Kings,1.5,66.5
401777327,2025,15,Texas Tech,BYU,Big 12,Big 12,34,7,DraftKings,-12.5,50.5
401777329,2025,15,Western Michigan,Miami (OH),Mid-American,Mid-American,23,13,DraftKings,-2.5,44.5
401777351,2025,15,Alabama,Georgia,SEC,SEC,7,28,Draft Kings,1.5,48.5
401777353,2025,15,Ohio State,Indiana,Big Ten,Big Ten,10,13,DraftKings,-3.5,45.5
401777328,2025,15,Virginia,Duke,ACC,ACC,20,27,DraftKings,-3.5,58.5
401833985,2025,16,Montana State,Stephen F. Austin,Big Sky,Southland,44,28,Draft Kings,-15.5,56.5
401833986,2025,16,Tarleton State,Villanova,UAC,CAA,21,26,Draft Kings,-14.5,54.5
401762521,2025,16,Navy,Army,American Athletic,American Athletic,17,16,DraftKings,-6.5,37.5
401833987,2025,16,Montana,South Dakota,Big Sky,MVFC,52,22,Draft Kings,-7.5,59.5
401836219,2025,16,UC Davis,Illinois State,Big Sky,MVFC,31,42,Draft Kings,-3.0,57.5
